TITLE,YEAR,DOI,LANG,JOURNAL,QUALIS,ISSN,AUTHOR,ORDER,ORDER_OK,ID,FULL_NAME,LAST_NAME,CITADO,CITY,STATE,RESUME,UPDATE,ADDRESS_ENTERP
"Energy Demand in Agricultural Biomass Production in Parana state, Brazil",2014,,Inglês,E-journal - CIGR,B1,1682-1130,"['Maria Carolina da Silva Andrea', 'Rafael Cesar Tieppo', 'LEANDRO MARIA GIMENEZ', 'Fabricio Pinheiro Povh', 'Tobias Katsman', 'Thiago Libório Romanelli']","['1', '2', '3', '4', '5', '6']",['1'],5859946324646438,Maria Carolina da Silva Andrea,Andrea,"ANDREA, M. C. S.;ANDREA, MARIA CAROLINA DA SILVA;DA S. ANDREA, MARIA CAROLINA",Ribeirao Preto,SP,"Possui graduação em Engenharia Agronômica, Mestrado e Doutorado pelo Programa de Engenharia de Sistemas Agrícolas, realizados pela Universidade de São Paulo (USP/ESALQ).
Na graduação participou de pesquisa relacionada com o uso eficiente de água e nitrogênio na produção de forrageiras destinadas à produção de bioetanol. No mestrado avaliou a eficiência do uso de insumos do ciclo de produção de forrageiras. Durante o doutorado utilizou modelo de desenvolvimento de culturas para avaliar a quebra de produtividade e lucratividade da produção da cultura do milho relacionada à variabilidade climática e aplicação de fertilizante nitrogenado.
Atualmente, atua como pesquisadora de Pós-doutorado na Universidade do Estado de Mato Grosso - UNEMAT.
Linha de pesquisa em gestão de sistemas de produção, agrometeorologia, sustentabilidade de sistemas de produção, uso de modelos de desenvolvimento de culturas.",14-08-2019,Universidade do Estado de Mato Grosso
Desenvolvimento de um penetrômetro manual eletrônico,2011,10.4025/actascitechnol.v33i1.5914,Português,Acta Scientiarum. Technology (Online),B1,1807-8664,"['Rafael Cesar Tieppo', 'Antonio Gabriel Filho', 'Suedêmio de Lima Silva', 'Estor Gnoatto']","['1', '2', '3', '4']",['1'],3275865819287843,Rafael Cesar Tieppo,Tieppo,"TIEPPO, R. C.;TIEPPO, RAFAEL CESAR;TIEPPO, RAFAEL CÉSAR;R. C. TIEPPO",Cascavel,PR,"Rafael Tieppo possui graduação em Engenharia Agícola pela Universidade Estadual do Oeste do Paraná (2001), mestrado em Engenharia Agrícola pela Universidade Estadual do Oeste do Paraná (2004) e doutorado em Engenharia de Sistemas Agrícolas pela Universidade de São Paulo, ESALQ-USP com período sanduíche na Aarhus University - Dinamarca. Atualmente é professor adjunto da Universidade do Estado de Mato Grosso. Tem experiência na área de Engenharia Agrícola, com ênfase em Otimização Sistemas Agroindustrias, atuando principalmente nos seguintes temas: geoprocessamento e mecanização agrícola.",26-04-2019,Universidade do Estado de Mato Grosso
Sistema computacional para otimização na seleção de fertilizantes,2010,,Português,Scientia Plena,B5,1808-2793,"['Rafael Cesar Tieppo', 'CASSIANO CREMON', 'Luís César da Silva', 'Rivanildo Dallacort', 'Adalberto Santi']","['1', '2', '3', '4', '5']",['1'],3275865819287843,Rafael Cesar Tieppo,Tieppo,"TIEPPO, R. C.;TIEPPO, RAFAEL CESAR;TIEPPO, RAFAEL CÉSAR;R. C. TIEPPO",Cascavel,PR,"Rafael Tieppo possui graduação em Engenharia Agícola pela Universidade Estadual do Oeste do Paraná (2001), mestrado em Engenharia Agrícola pela Universidade Estadual do Oeste do Paraná (2004) e doutorado em Engenharia de Sistemas Agrícolas pela Universidade de São Paulo, ESALQ-USP com período sanduíche na Aarhus University - Dinamarca. Atualmente é professor adjunto da Universidade do Estado de Mato Grosso. Tem experiência na área de Engenharia Agrícola, com ênfase em Otimização Sistemas Agroindustrias, atuando principalmente nos seguintes temas: geoprocessamento e mecanização agrícola.",26-04-2019,Universidade do Estado de Mato Grosso
Energy-Based Evaluations on Eucalyptus Biomass Production,2012,10.1155/2012/340865,Inglês,International Journal of Forestry Research,B3,1687-9368,"['Thiago Libório Romanelli', 'Marcos Milan', 'Rafael Cesar Tieppo']","['1', '2', '3']",['1'],5401789813032087,Thiago Libório Romanelli,Romanelli,"ROMANELLI, T. L.;Romanelli, Thiago L.;Romanelli, Thiago Libório;ROMANELLI, THIAGO"" orcid-id=""https://orcid.org/0000-0001-5407-9031",Piracicaba,SP,"Atualmente é Professor Titular do Departamento de Engenharia de Biossistemas, ESALQ/USP. Atua nos temas: Fluxos de Materiais e de Energia em Sistemas de Produção, Sustentabilidade, Análises de Ciclo de Vida e Viabilidade econômica de adoção de tecnologia. É Engenheiro Agrônomo pela Universidade de São Paulo (2000), mestre em Máquinas Agrícolas pela Universidade de São Paulo (2003) e doutor em Recursos Florestais pela Universidade de São Paulo (2007), tendo sido Research Associate do Center for Environmental Policy da University of Florida (2005-2006), Professor Doutor (2008-2013) e Livre Docente em Mecânica e Máquinas Motoras pela Universidade de São Paulo (2013) . Fulbright Scholar - Cátedra de Ciências Agrárias na University of Nebraska/Lincoln (2017).",28-02-2020,Universidade de São Paulo
Desenvolvimento de um aparelho alternativo para determinação da estabilidade de agregados via úmida,2011,,Português,Scientia Plena,B5,1808-2793,"['Rafael Cesar Tieppo', 'Alexandre Luiz Puhl', 'CASSIANO CREMON', 'Wininton Mendes Silva', 'Jucélio Marcos Carvalho']","['1', '2', '3', '4', '5']",['1'],3275865819287843,Rafael Cesar Tieppo,Tieppo,"TIEPPO, R. C.;TIEPPO, RAFAEL CESAR;TIEPPO, RAFAEL CÉSAR;R. C. TIEPPO",Cascavel,PR,"Rafael Tieppo possui graduação em Engenharia Agícola pela Universidade Estadual do Oeste do Paraná (2001), mestrado em Engenharia Agrícola pela Universidade Estadual do Oeste do Paraná (2004) e doutorado em Engenharia de Sistemas Agrícolas pela Universidade de São Paulo, ESALQ-USP com período sanduíche na Aarhus University - Dinamarca. Atualmente é professor adjunto da Universidade do Estado de Mato Grosso. Tem experiência na área de Engenharia Agrícola, com ênfase em Otimização Sistemas Agroindustrias, atuando principalmente nos seguintes temas: geoprocessamento e mecanização agrícola.",26-04-2019,Universidade do Estado de Mato Grosso
Machinery Management as an Environmental Tool - Material Embodiment in Agriculture,2012,,Inglês,E-journal - CIGR,B1,1682-1130,"['Thiago Libório Romanelli', 'Marcos Milan']","['1', '2']",['1'],5401789813032087,Thiago Libório Romanelli,Romanelli,"ROMANELLI, T. L.;Romanelli, Thiago L.;Romanelli, Thiago Libório;ROMANELLI, THIAGO"" orcid-id=""https://orcid.org/0000-0001-5407-9031",Piracicaba,SP,"Atualmente é Professor Titular do Departamento de Engenharia de Biossistemas, ESALQ/USP. Atua nos temas: Fluxos de Materiais e de Energia em Sistemas de Produção, Sustentabilidade, Análises de Ciclo de Vida e Viabilidade econômica de adoção de tecnologia. É Engenheiro Agrônomo pela Universidade de São Paulo (2000), mestre em Máquinas Agrícolas pela Universidade de São Paulo (2003) e doutor em Recursos Florestais pela Universidade de São Paulo (2007), tendo sido Research Associate do Center for Environmental Policy da University of Florida (2005-2006), Professor Doutor (2008-2013) e Livre Docente em Mecânica e Máquinas Motoras pela Universidade de São Paulo (2013) . Fulbright Scholar - Cátedra de Ciências Agrárias na University of Nebraska/Lincoln (2017).",28-02-2020,Universidade de São Paulo
Agricultura sustentável sem mitos,2009,,Português,Agroanalysis (FGV),B5,0100-4298,['Thiago Libório Romanelli'],['1'],['1'],5401789813032087,Thiago Libório Romanelli,Romanelli,"ROMANELLI, T. L.;Romanelli, Thiago L.;Romanelli, Thiago Libório;ROMANELLI, THIAGO"" orcid-id=""https://orcid.org/0000-0001-5407-9031",Piracicaba,SP,"Atualmente é Professor Titular do Departamento de Engenharia de Biossistemas, ESALQ/USP. Atua nos temas: Fluxos de Materiais e de Energia em Sistemas de Produção, Sustentabilidade, Análises de Ciclo de Vida e Viabilidade econômica de adoção de tecnologia. É Engenheiro Agrônomo pela Universidade de São Paulo (2000), mestre em Máquinas Agrícolas pela Universidade de São Paulo (2003) e doutor em Recursos Florestais pela Universidade de São Paulo (2007), tendo sido Research Associate do Center for Environmental Policy da University of Florida (2005-2006), Professor Doutor (2008-2013) e Livre Docente em Mecânica e Máquinas Motoras pela Universidade de São Paulo (2013) . Fulbright Scholar - Cátedra de Ciências Agrárias na University of Nebraska/Lincoln (2017).",28-02-2020,Universidade de São Paulo
Software para Otimização Operacional e Econômica de Aeronaves Agrícolas de Asa Fixa,2001,,Português,Revista Brasileira de Agrocomputação,XX,1676-0425,"['Rafael Cesar Tieppo', 'Erivelto Mercante', 'Alcir José Modolo', 'Fabio WronsKi', 'Antonio Gabriel Filho', 'Jerry Adriani Johann', 'Eduardo Godoy de Souza']","['1', '2', '3', '4', '5', '6', '7']",['1'],3275865819287843,Rafael Cesar Tieppo,Tieppo,"TIEPPO, R. C.;TIEPPO, RAFAEL CESAR;TIEPPO, RAFAEL CÉSAR;R. C. TIEPPO",Cascavel,PR,"Rafael Tieppo possui graduação em Engenharia Agícola pela Universidade Estadual do Oeste do Paraná (2001), mestrado em Engenharia Agrícola pela Universidade Estadual do Oeste do Paraná (2004) e doutorado em Engenharia de Sistemas Agrícolas pela Universidade de São Paulo, ESALQ-USP com período sanduíche na Aarhus University - Dinamarca. Atualmente é professor adjunto da Universidade do Estado de Mato Grosso. Tem experiência na área de Engenharia Agrícola, com ênfase em Otimização Sistemas Agroindustrias, atuando principalmente nos seguintes temas: geoprocessamento e mecanização agrícola.",26-04-2019,Universidade do Estado de Mato Grosso
Energy demand in sugarcane residue collection and transportation,2014,,Inglês,E-journal - CIGR,B1,1682-1130,"['Rafael Cesar Tieppo', 'Maria Carolina Silva Andrea', 'Leandro Maria Gimenez', 'ROMANELLI, THIAGO L.']","['1', '2', '3', '4']",['1'],3275865819287843,Rafael Cesar Tieppo,Tieppo,"TIEPPO, R. C.;TIEPPO, RAFAEL CESAR;TIEPPO, RAFAEL CÉSAR;R. C. TIEPPO",Cascavel,PR,"Rafael Tieppo possui graduação em Engenharia Agícola pela Universidade Estadual do Oeste do Paraná (2001), mestrado em Engenharia Agrícola pela Universidade Estadual do Oeste do Paraná (2004) e doutorado em Engenharia de Sistemas Agrícolas pela Universidade de São Paulo, ESALQ-USP com período sanduíche na Aarhus University - Dinamarca. Atualmente é professor adjunto da Universidade do Estado de Mato Grosso. Tem experiência na área de Engenharia Agrícola, com ênfase em Otimização Sistemas Agroindustrias, atuando principalmente nos seguintes temas: geoprocessamento e mecanização agrícola.",26-04-2019,Universidade do Estado de Mato Grosso
Energy performance of a production system of eucalyptus,2010,10.1590/S1415-43662010000800015,Inglês,Revista Brasileira de Engenharia Agrícola e Ambiental (Impresso),B1,1415-4366,"['Thiago Libório Romanelli', 'Milan, Marcos']","['1', '2']",['1'],5401789813032087,Thiago Libório Romanelli,Romanelli,"ROMANELLI, T. L.;Romanelli, Thiago L.;Romanelli, Thiago Libório;ROMANELLI, THIAGO"" orcid-id=""https://orcid.org/0000-0001-5407-9031",Piracicaba,SP,"Atualmente é Professor Titular do Departamento de Engenharia de Biossistemas, ESALQ/USP. Atua nos temas: Fluxos de Materiais e de Energia em Sistemas de Produção, Sustentabilidade, Análises de Ciclo de Vida e Viabilidade econômica de adoção de tecnologia. É Engenheiro Agrônomo pela Universidade de São Paulo (2000), mestre em Máquinas Agrícolas pela Universidade de São Paulo (2003) e doutor em Recursos Florestais pela Universidade de São Paulo (2007), tendo sido Research Associate do Center for Environmental Policy da University of Florida (2005-2006), Professor Doutor (2008-2013) e Livre Docente em Mecânica e Máquinas Motoras pela Universidade de São Paulo (2013) . Fulbright Scholar - Cátedra de Ciências Agrárias na University of Nebraska/Lincoln (2017).",28-02-2020,Universidade de São Paulo
Material flow determination through agricultural machinery management,2010,10.1590/S0103-90162010000400001,Inglês,Scientia Agrícola (USP. Impresso),A1,0103-9016,"['Thiago Libório Romanelli', 'Milan, Marcos']","['1', '2']",['1'],5401789813032087,Thiago Libório Romanelli,Romanelli,"ROMANELLI, T. L.;Romanelli, Thiago L.;Romanelli, Thiago Libório;ROMANELLI, THIAGO"" orcid-id=""https://orcid.org/0000-0001-5407-9031",Piracicaba,SP,"Atualmente é Professor Titular do Departamento de Engenharia de Biossistemas, ESALQ/USP. Atua nos temas: Fluxos de Materiais e de Energia em Sistemas de Produção, Sustentabilidade, Análises de Ciclo de Vida e Viabilidade econômica de adoção de tecnologia. É Engenheiro Agrônomo pela Universidade de São Paulo (2000), mestre em Máquinas Agrícolas pela Universidade de São Paulo (2003) e doutor em Recursos Florestais pela Universidade de São Paulo (2007), tendo sido Research Associate do Center for Environmental Policy da University of Florida (2005-2006), Professor Doutor (2008-2013) e Livre Docente em Mecânica e Máquinas Motoras pela Universidade de São Paulo (2013) . Fulbright Scholar - Cátedra de Ciências Agrárias na University of Nebraska/Lincoln (2017).",28-02-2020,Universidade de São Paulo
Material embodiment and energy flows as efficiency indicators of soybean (Glycine max) production in Brazil,2012,10.1590/S0100-69162012000200006,Inglês,Engenharia Agrícola (Impresso),B1,0100-6916,"['Thiago Libório Romanelli', 'Hudson Souza Nardi', 'Filipe Alonso Saad']","['1', '2', '3']",['1'],5401789813032087,Thiago Libório Romanelli,Romanelli,"ROMANELLI, T. L.;Romanelli, Thiago L.;Romanelli, Thiago Libório;ROMANELLI, THIAGO"" orcid-id=""https://orcid.org/0000-0001-5407-9031",Piracicaba,SP,"Atualmente é Professor Titular do Departamento de Engenharia de Biossistemas, ESALQ/USP. Atua nos temas: Fluxos de Materiais e de Energia em Sistemas de Produção, Sustentabilidade, Análises de Ciclo de Vida e Viabilidade econômica de adoção de tecnologia. É Engenheiro Agrônomo pela Universidade de São Paulo (2000), mestre em Máquinas Agrícolas pela Universidade de São Paulo (2003) e doutor em Recursos Florestais pela Universidade de São Paulo (2007), tendo sido Research Associate do Center for Environmental Policy da University of Florida (2005-2006), Professor Doutor (2008-2013) e Livre Docente em Mecânica e Máquinas Motoras pela Universidade de São Paulo (2013) . Fulbright Scholar - Cátedra de Ciências Agrárias na University of Nebraska/Lincoln (2017).",28-02-2020,Universidade de São Paulo
"Emergy Synthesis of Intensive Eucalyptus Cultivation in São Paolo, Brazil",2008,,Inglês,Forest Science,A2,0015-749X,"['Thiago Libório Romanelli', 'Matthew J. Cohen', 'Marcos Milan', 'Mark T. Brown']","['1', '2', '3', '4']",['1'],5401789813032087,Thiago Libório Romanelli,Romanelli,"ROMANELLI, T. L.;Romanelli, Thiago L.;Romanelli, Thiago Libório;ROMANELLI, THIAGO"" orcid-id=""https://orcid.org/0000-0001-5407-9031",Piracicaba,SP,"Atualmente é Professor Titular do Departamento de Engenharia de Biossistemas, ESALQ/USP. Atua nos temas: Fluxos de Materiais e de Energia em Sistemas de Produção, Sustentabilidade, Análises de Ciclo de Vida e Viabilidade econômica de adoção de tecnologia. É Engenheiro Agrônomo pela Universidade de São Paulo (2000), mestre em Máquinas Agrícolas pela Universidade de São Paulo (2003) e doutor em Recursos Florestais pela Universidade de São Paulo (2007), tendo sido Research Associate do Center for Environmental Policy da University of Florida (2005-2006), Professor Doutor (2008-2013) e Livre Docente em Mecânica e Máquinas Motoras pela Universidade de São Paulo (2013) . Fulbright Scholar - Cátedra de Ciências Agrárias na University of Nebraska/Lincoln (2017).",28-02-2020,Universidade de São Paulo
Modeling cost and energy demand in agricultural machinery fleets for soybean and maize cultivated using a no-tillage system,2019,10.1016/j.compag.2018.11.032,Inglês,COMPUTERS AND ELECTRONICS IN AGRICULTURE,A2,0168-1699,"['Rafael Cesar Tieppo', 'ROMANELLI, THIAGO LIBÓRIO', 'MILAN, MARCOS', 'SØRENSEN, CLAUS AAGE GRØN', 'BOCHTIS, DIONYSIS']","['1', '2', '3', '4', '5']",['1'],3275865819287843,Rafael Cesar Tieppo,Tieppo,"TIEPPO, R. C.;TIEPPO, RAFAEL CESAR;TIEPPO, RAFAEL CÉSAR;R. C. TIEPPO",Cascavel,PR,"Rafael Tieppo possui graduação em Engenharia Agícola pela Universidade Estadual do Oeste do Paraná (2001), mestrado em Engenharia Agrícola pela Universidade Estadual do Oeste do Paraná (2004) e doutorado em Engenharia de Sistemas Agrícolas pela Universidade de São Paulo, ESALQ-USP com período sanduíche na Aarhus University - Dinamarca. Atualmente é professor adjunto da Universidade do Estado de Mato Grosso. Tem experiência na área de Engenharia Agrícola, com ênfase em Otimização Sistemas Agroindustrias, atuando principalmente nos seguintes temas: geoprocessamento e mecanização agrícola.",26-04-2019,Universidade do Estado de Mato Grosso
Energy flows in lowland soybean production system in Brazil,2016,10.1590/0103-8478cr20151298,Inglês,Ciência Rural,B1,1678-4596,"['Maria Carolina da Silva Andrea', 'ROMANELLI, THIAGO LIBÓRIO', 'MOLIN, JOSÉ PAULO']","['1', '2', '3']",['1'],5859946324646438,Maria Carolina da Silva Andrea,Andrea,"ANDREA, M. C. S.;ANDREA, MARIA CAROLINA DA SILVA;DA S. ANDREA, MARIA CAROLINA",Ribeirao Preto,SP,"Possui graduação em Engenharia Agronômica, Mestrado e Doutorado pelo Programa de Engenharia de Sistemas Agrícolas, realizados pela Universidade de São Paulo (USP/ESALQ).
Na graduação participou de pesquisa relacionada com o uso eficiente de água e nitrogênio na produção de forrageiras destinadas à produção de bioetanol. No mestrado avaliou a eficiência do uso de insumos do ciclo de produção de forrageiras. Durante o doutorado utilizou modelo de desenvolvimento de culturas para avaliar a quebra de produtividade e lucratividade da produção da cultura do milho relacionada à variabilidade climática e aplicação de fertilizante nitrogenado.
Atualmente, atua como pesquisadora de Pós-doutorado na Universidade do Estado de Mato Grosso - UNEMAT.
Linha de pesquisa em gestão de sistemas de produção, agrometeorologia, sustentabilidade de sistemas de produção, uso de modelos de desenvolvimento de culturas.",14-08-2019,Universidade do Estado de Mato Grosso
"Adjustment and evaluation of Cropgro-Soybean and Ceres-Maize for different genetic material in a region of Mato Grosso state, Brazil",2019,,Inglês,TROPICAL AND SUBTROPICAL AGROECOSYSTEMS,B2,1870-0462,"['Maria Carolina da Silva Andrea', 'João Danilo Barbieri', 'Rivanildo Dallacort', 'Rafael Cesar Tieppo', 'Paulo Sérgio Lourenço de Freitas', 'Marco Antonio Camillo de Carvalho']","['1', '2', '3', '4', '5', '6']",['1'],5859946324646438,Maria Carolina da Silva Andrea,Andrea,"ANDREA, M. C. S.;ANDREA, MARIA CAROLINA DA SILVA;DA S. ANDREA, MARIA CAROLINA",Ribeirao Preto,SP,"Possui graduação em Engenharia Agronômica, Mestrado e Doutorado pelo Programa de Engenharia de Sistemas Agrícolas, realizados pela Universidade de São Paulo (USP/ESALQ).
Na graduação participou de pesquisa relacionada com o uso eficiente de água e nitrogênio na produção de forrageiras destinadas à produção de bioetanol. No mestrado avaliou a eficiência do uso de insumos do ciclo de produção de forrageiras. Durante o doutorado utilizou modelo de desenvolvimento de culturas para avaliar a quebra de produtividade e lucratividade da produção da cultura do milho relacionada à variabilidade climática e aplicação de fertilizante nitrogenado.
Atualmente, atua como pesquisadora de Pós-doutorado na Universidade do Estado de Mato Grosso - UNEMAT.
Linha de pesquisa em gestão de sistemas de produção, agrometeorologia, sustentabilidade de sistemas de produção, uso de modelos de desenvolvimento de culturas.",14-08-2019,Universidade do Estado de Mato Grosso
"Effect of Soil Coverage on Dual Crop Coefficient of Maize in a Region of Mato Grosso, Brazil",2019,10.5539/jas.v11n13p143,Português,Journal of Agricultural Science,B1,1916-9752,"['Maria Carolina da Silva Andrea', 'VIEIRA, FRANCIELLE FREITAS', 'DALLACORT, RIVANILDO', 'BARBIERI, JOÃO DANILO', 'FREITAS, PAULO SÉRGIO LOURENÇO DE', 'TIEPPO, RAFAEL CESAR', 'ZOLIN, CORNELIO ALBERTO', 'KRAUSE, WILLIAN', 'DANIEL, DIEGO FERNANDO']","['1', '2', '3', '4', '5', '6', '7', '8', '9']",['1'],5859946324646438,Maria Carolina da Silva Andrea,Andrea,"ANDREA, M. C. S.;ANDREA, MARIA CAROLINA DA SILVA;DA S. ANDREA, MARIA CAROLINA",Ribeirao Preto,SP,"Possui graduação em Engenharia Agronômica, Mestrado e Doutorado pelo Programa de Engenharia de Sistemas Agrícolas, realizados pela Universidade de São Paulo (USP/ESALQ).
Na graduação participou de pesquisa relacionada com o uso eficiente de água e nitrogênio na produção de forrageiras destinadas à produção de bioetanol. No mestrado avaliou a eficiência do uso de insumos do ciclo de produção de forrageiras. Durante o doutorado utilizou modelo de desenvolvimento de culturas para avaliar a quebra de produtividade e lucratividade da produção da cultura do milho relacionada à variabilidade climática e aplicação de fertilizante nitrogenado.
Atualmente, atua como pesquisadora de Pós-doutorado na Universidade do Estado de Mato Grosso - UNEMAT.
Linha de pesquisa em gestão de sistemas de produção, agrometeorologia, sustentabilidade de sistemas de produção, uso de modelos de desenvolvimento de culturas.",14-08-2019,Universidade do Estado de Mato Grosso
Usados de valor,2016,,Português,Cultivar Máquinas,B5,1676-0158,"['Thiago Libório Romanelli', 'Leandro Maria Gimenez', 'Giovani Apolari Ghirardello']","['1', '2', '3']",['1'],5401789813032087,Thiago Libório Romanelli,Romanelli,"ROMANELLI, T. L.;Romanelli, Thiago L.;Romanelli, Thiago Libório;ROMANELLI, THIAGO"" orcid-id=""https://orcid.org/0000-0001-5407-9031",Piracicaba,SP,"Atualmente é Professor Titular do Departamento de Engenharia de Biossistemas, ESALQ/USP. Atua nos temas: Fluxos de Materiais e de Energia em Sistemas de Produção, Sustentabilidade, Análises de Ciclo de Vida e Viabilidade econômica de adoção de tecnologia. É Engenheiro Agrônomo pela Universidade de São Paulo (2000), mestre em Máquinas Agrícolas pela Universidade de São Paulo (2003) e doutor em Recursos Florestais pela Universidade de São Paulo (2007), tendo sido Research Associate do Center for Environmental Policy da University of Florida (2005-2006), Professor Doutor (2008-2013) e Livre Docente em Mecânica e Máquinas Motoras pela Universidade de São Paulo (2013) . Fulbright Scholar - Cátedra de Ciências Agrárias na University of Nebraska/Lincoln (2017).",28-02-2020,Universidade de São Paulo
"Variability and limitations of maize production in Brazil: Potential yield, water-limited yield and yield gaps",2018,10.1016/j.agsy.2018.07.004,Inglês,AGRICULTURAL SYSTEMS,A1,0308-521X,"['Maria Carolina da Silva Andrea', 'BOOTE, KENNETH J.', 'SENTELHAS, PAULO C.', 'ROMANELLI, THIAGO L.']","['1', '2', '3', '4']",['1'],5859946324646438,Maria Carolina da Silva Andrea,Andrea,"ANDREA, M. C. S.;ANDREA, MARIA CAROLINA DA SILVA;DA S. ANDREA, MARIA CAROLINA",Ribeirao Preto,SP,"Possui graduação em Engenharia Agronômica, Mestrado e Doutorado pelo Programa de Engenharia de Sistemas Agrícolas, realizados pela Universidade de São Paulo (USP/ESALQ).
Na graduação participou de pesquisa relacionada com o uso eficiente de água e nitrogênio na produção de forrageiras destinadas à produção de bioetanol. No mestrado avaliou a eficiência do uso de insumos do ciclo de produção de forrageiras. Durante o doutorado utilizou modelo de desenvolvimento de culturas para avaliar a quebra de produtividade e lucratividade da produção da cultura do milho relacionada à variabilidade climática e aplicação de fertilizante nitrogenado.
Atualmente, atua como pesquisadora de Pós-doutorado na Universidade do Estado de Mato Grosso - UNEMAT.
Linha de pesquisa em gestão de sistemas de produção, agrometeorologia, sustentabilidade de sistemas de produção, uso de modelos de desenvolvimento de culturas.",14-08-2019,Universidade do Estado de Mato Grosso
Energy balance methodology and modeling of supplementary forage production for cattle in Brazil,2005,10.1590/S0103-90162005000100001,Inglês,SCIENTIA AGRICOLA,A1,1678-992X,"['Thiago Libório Romanelli', 'Marcos Milan']","['1', '2']",['1'],5401789813032087,Thiago Libório Romanelli,Romanelli,"ROMANELLI, T. L.;Romanelli, Thiago L.;Romanelli, Thiago Libório;ROMANELLI, THIAGO"" orcid-id=""https://orcid.org/0000-0001-5407-9031",Piracicaba,SP,"Atualmente é Professor Titular do Departamento de Engenharia de Biossistemas, ESALQ/USP. Atua nos temas: Fluxos de Materiais e de Energia em Sistemas de Produção, Sustentabilidade, Análises de Ciclo de Vida e Viabilidade econômica de adoção de tecnologia. É Engenheiro Agrônomo pela Universidade de São Paulo (2000), mestre em Máquinas Agrícolas pela Universidade de São Paulo (2003) e doutor em Recursos Florestais pela Universidade de São Paulo (2007), tendo sido Research Associate do Center for Environmental Policy da University of Florida (2005-2006), Professor Doutor (2008-2013) e Livre Docente em Mecânica e Máquinas Motoras pela Universidade de São Paulo (2013) . Fulbright Scholar - Cátedra de Ciências Agrárias na University of Nebraska/Lincoln (2017).",28-02-2020,Universidade de São Paulo
Impacts of Future Climate Predictions on Second Season Maize in an Agrosystem on a Biome Transition Region in Mato Grosso State,2019,10.1590/0102-77863340241,Português,REVISTA BRASILEIRA DE METEOROLOGIA,B1,1982-4351,"['Maria Carolina da Silva Andrea', 'DALLACORT, RIVANILDO', 'BARBIERI, JOÃO DANILO', 'TIEPPO, RAFAEL CESAR']","['1', '2', '3', '4']",['1'],5859946324646438,Maria Carolina da Silva Andrea,Andrea,"ANDREA, M. C. S.;ANDREA, MARIA CAROLINA DA SILVA;DA S. ANDREA, MARIA CAROLINA",Ribeirao Preto,SP,"Possui graduação em Engenharia Agronômica, Mestrado e Doutorado pelo Programa de Engenharia de Sistemas Agrícolas, realizados pela Universidade de São Paulo (USP/ESALQ).
Na graduação participou de pesquisa relacionada com o uso eficiente de água e nitrogênio na produção de forrageiras destinadas à produção de bioetanol. No mestrado avaliou a eficiência do uso de insumos do ciclo de produção de forrageiras. Durante o doutorado utilizou modelo de desenvolvimento de culturas para avaliar a quebra de produtividade e lucratividade da produção da cultura do milho relacionada à variabilidade climática e aplicação de fertilizante nitrogenado.
Atualmente, atua como pesquisadora de Pós-doutorado na Universidade do Estado de Mato Grosso - UNEMAT.
Linha de pesquisa em gestão de sistemas de produção, agrometeorologia, sustentabilidade de sistemas de produção, uso de modelos de desenvolvimento de culturas.",14-08-2019,Universidade do Estado de Mato Grosso
Laboratory temperature-compensating calibration procedure for soil water content determination by reflectometry,2018,10.15361/1984-5529.2018v46n3p221-225,Português,CIENTÍFICA (JABOTICABAL. ONLINE),B3,1984-5529,"['VASCONCELOS, ANDRÉ TAVARES', 'Rafael Cesar Tieppo', 'DALLACORT, RIVANILDO', 'SANTI, ADALBERTO', 'ANDREA, MARIA CAROLINA DA SILVA']","['1', '2', '3', '4', '5']",['2'],3275865819287843,Rafael Cesar Tieppo,Tieppo,"TIEPPO, R. C.;TIEPPO, RAFAEL CESAR;TIEPPO, RAFAEL CÉSAR;R. C. TIEPPO",Cascavel,PR,"Rafael Tieppo possui graduação em Engenharia Agícola pela Universidade Estadual do Oeste do Paraná (2001), mestrado em Engenharia Agrícola pela Universidade Estadual do Oeste do Paraná (2004) e doutorado em Engenharia de Sistemas Agrícolas pela Universidade de São Paulo, ESALQ-USP com período sanduíche na Aarhus University - Dinamarca. Atualmente é professor adjunto da Universidade do Estado de Mato Grosso. Tem experiência na área de Engenharia Agrícola, com ênfase em Otimização Sistemas Agroindustrias, atuando principalmente nos seguintes temas: geoprocessamento e mecanização agrícola.",26-04-2019,Universidade do Estado de Mato Grosso
Sowing speed in no tillage system on early development of maize crop,2018,,Português,SCIENTIA PLENA,B5,1808-2793,"['Marcela Vieira Paulo', 'Rafael Cesar Tieppo', 'Alcir José Modolo', 'Rivanildo Dallacort', 'SANTI, ADALBERTO']","['1', '2', '3', '4', '5']",['2'],3275865819287843,Rafael Cesar Tieppo,Tieppo,"TIEPPO, R. C.;TIEPPO, RAFAEL CESAR;TIEPPO, RAFAEL CÉSAR;R. C. TIEPPO",Cascavel,PR,"Rafael Tieppo possui graduação em Engenharia Agícola pela Universidade Estadual do Oeste do Paraná (2001), mestrado em Engenharia Agrícola pela Universidade Estadual do Oeste do Paraná (2004) e doutorado em Engenharia de Sistemas Agrícolas pela Universidade de São Paulo, ESALQ-USP com período sanduíche na Aarhus University - Dinamarca. Atualmente é professor adjunto da Universidade do Estado de Mato Grosso. Tem experiência na área de Engenharia Agrícola, com ênfase em Otimização Sistemas Agroindustrias, atuando principalmente nos seguintes temas: geoprocessamento e mecanização agrícola.",26-04-2019,Universidade do Estado de Mato Grosso
"Energy demand in agricultural biomass production in Parana state, Brazil",2014,,Inglês,E-journal - CIGR,B1,1682-1130,"['Maria Carolina Silva Andrea', 'Rafael Cesar Tieppo', 'Leandro Maria Gimenez', 'Fabrício Pinheiro Povh', 'Tobias J Katsman', 'ROMANELLI, THIAGO L.']","['1', '2', '3', '4', '5', '6']",['2'],3275865819287843,Rafael Cesar Tieppo,Tieppo,"TIEPPO, R. C.;TIEPPO, RAFAEL CESAR;TIEPPO, RAFAEL CÉSAR;R. C. TIEPPO",Cascavel,PR,"Rafael Tieppo possui graduação em Engenharia Agícola pela Universidade Estadual do Oeste do Paraná (2001), mestrado em Engenharia Agrícola pela Universidade Estadual do Oeste do Paraná (2004) e doutorado em Engenharia de Sistemas Agrícolas pela Universidade de São Paulo, ESALQ-USP com período sanduíche na Aarhus University - Dinamarca. Atualmente é professor adjunto da Universidade do Estado de Mato Grosso. Tem experiência na área de Engenharia Agrícola, com ênfase em Otimização Sistemas Agroindustrias, atuando principalmente nos seguintes temas: geoprocessamento e mecanização agrícola.",26-04-2019,Universidade do Estado de Mato Grosso
Nível de ruído emitido por um conjunto motomecanizado na operação de preparo mínimo do solo,2008,,Português,GLOBAL SCIENCE AND TECHNOLOGY,B5,1984-3801,"['João Cleber Modernel da Silveira', 'Rafael Cesar Tieppo', 'Antonio Gabriel Filho']","['1', '2', '3']",['2'],3275865819287843,Rafael Cesar Tieppo,Tieppo,"TIEPPO, R. C.;TIEPPO, RAFAEL CESAR;TIEPPO, RAFAEL CÉSAR;R. C. TIEPPO",Cascavel,PR,"Rafael Tieppo possui graduação em Engenharia Agícola pela Universidade Estadual do Oeste do Paraná (2001), mestrado em Engenharia Agrícola pela Universidade Estadual do Oeste do Paraná (2004) e doutorado em Engenharia de Sistemas Agrícolas pela Universidade de São Paulo, ESALQ-USP com período sanduíche na Aarhus University - Dinamarca. Atualmente é professor adjunto da Universidade do Estado de Mato Grosso. Tem experiência na área de Engenharia Agrícola, com ênfase em Otimização Sistemas Agroindustrias, atuando principalmente nos seguintes temas: geoprocessamento e mecanização agrícola.",26-04-2019,Universidade do Estado de Mato Grosso
"Water, Energy, and Carbon Footprints of Bio-ethanol from the US and Brazil",2018,10.1021/acs.est.8b03359,Inglês,ENVIRONMENTAL SCIENCE &amp; TECHNOLOGY,A1,0013-936X,"['Mesfin Mekonnen', 'Thiago Libório Romanelli', 'Chittaranjan Ray', 'Arjen Hoekstra', 'Adam Liska', 'Christopher Neale']","['1', '2', '3', '4', '5', '6']",['2'],5401789813032087,Thiago Libório Romanelli,Romanelli,"ROMANELLI, T. L.;Romanelli, Thiago L.;Romanelli, Thiago Libório;ROMANELLI, THIAGO"" orcid-id=""https://orcid.org/0000-0001-5407-9031",Piracicaba,SP,"Atualmente é Professor Titular do Departamento de Engenharia de Biossistemas, ESALQ/USP. Atua nos temas: Fluxos de Materiais e de Energia em Sistemas de Produção, Sustentabilidade, Análises de Ciclo de Vida e Viabilidade econômica de adoção de tecnologia. É Engenheiro Agrônomo pela Universidade de São Paulo (2000), mestre em Máquinas Agrícolas pela Universidade de São Paulo (2003) e doutor em Recursos Florestais pela Universidade de São Paulo (2007), tendo sido Research Associate do Center for Environmental Policy da University of Florida (2005-2006), Professor Doutor (2008-2013) e Livre Docente em Mecânica e Máquinas Motoras pela Universidade de São Paulo (2013) . Fulbright Scholar - Cátedra de Ciências Agrárias na University of Nebraska/Lincoln (2017).",28-02-2020,Universidade de São Paulo
Energy Demand and Greenhouse Gases Emissions in the Life Cycle of Coffee Harvesters,2017,10.3303/CET1758030,Português,CHEMICAL ENGINEERING TRANSACTIONS,A2,2283-9216,"['Edemilson José Mantoam', 'Thiago Libório Romanelli', 'Leandro Maria Gimenez', 'Marcos Milan']","['1', '2', '3', '4']",['2'],5401789813032087,Thiago Libório Romanelli,Romanelli,"ROMANELLI, T. L.;Romanelli, Thiago L.;Romanelli, Thiago Libório;ROMANELLI, THIAGO"" orcid-id=""https://orcid.org/0000-0001-5407-9031",Piracicaba,SP,"Atualmente é Professor Titular do Departamento de Engenharia de Biossistemas, ESALQ/USP. Atua nos temas: Fluxos de Materiais e de Energia em Sistemas de Produção, Sustentabilidade, Análises de Ciclo de Vida e Viabilidade econômica de adoção de tecnologia. É Engenheiro Agrônomo pela Universidade de São Paulo (2000), mestre em Máquinas Agrícolas pela Universidade de São Paulo (2003) e doutor em Recursos Florestais pela Universidade de São Paulo (2007), tendo sido Research Associate do Center for Environmental Policy da University of Florida (2005-2006), Professor Doutor (2008-2013) e Livre Docente em Mecânica e Máquinas Motoras pela Universidade de São Paulo (2013) . Fulbright Scholar - Cátedra de Ciências Agrárias na University of Nebraska/Lincoln (2017).",28-02-2020,Universidade de São Paulo
Energy demand and greenhouse gases emissions in the life cycle of tractors,2016,10.1016/j.biosystemseng.2016.08.028,Inglês,Biosystems Engineering,A1,1537-5110,"['Edemilson José Mantoam', 'Thiago Libório Romanelli', 'Leandro Maria Gimenez']","['1', '2', '3']",['2'],5401789813032087,Thiago Libório Romanelli,Romanelli,"ROMANELLI, T. L.;Romanelli, Thiago L.;Romanelli, Thiago Libório;ROMANELLI, THIAGO"" orcid-id=""https://orcid.org/0000-0001-5407-9031",Piracicaba,SP,"Atualmente é Professor Titular do Departamento de Engenharia de Biossistemas, ESALQ/USP. Atua nos temas: Fluxos de Materiais e de Energia em Sistemas de Produção, Sustentabilidade, Análises de Ciclo de Vida e Viabilidade econômica de adoção de tecnologia. É Engenheiro Agrônomo pela Universidade de São Paulo (2000), mestre em Máquinas Agrícolas pela Universidade de São Paulo (2003) e doutor em Recursos Florestais pela Universidade de São Paulo (2007), tendo sido Research Associate do Center for Environmental Policy da University of Florida (2005-2006), Professor Doutor (2008-2013) e Livre Docente em Mecânica e Máquinas Motoras pela Universidade de São Paulo (2013) . Fulbright Scholar - Cátedra de Ciências Agrárias na University of Nebraska/Lincoln (2017).",28-02-2020,Universidade de São Paulo
Desenvolvimento inicial de plantas de girassol em condições de estresse hídrico,2011,,Português,Enciclopédia biosfera,B5,1809-0583,"['Severino de Paiva Sobrinho', 'Rafael Cesar Tieppo', 'Tonny José Araújo da Silva']","['1', '2', '3']",['2'],3275865819287843,Rafael Cesar Tieppo,Tieppo,"TIEPPO, R. C.;TIEPPO, RAFAEL CESAR;TIEPPO, RAFAEL CÉSAR;R. C. TIEPPO",Cascavel,PR,"Rafael Tieppo possui graduação em Engenharia Agícola pela Universidade Estadual do Oeste do Paraná (2001), mestrado em Engenharia Agrícola pela Universidade Estadual do Oeste do Paraná (2004) e doutorado em Engenharia de Sistemas Agrícolas pela Universidade de São Paulo, ESALQ-USP com período sanduíche na Aarhus University - Dinamarca. Atualmente é professor adjunto da Universidade do Estado de Mato Grosso. Tem experiência na área de Engenharia Agrícola, com ênfase em Otimização Sistemas Agroindustrias, atuando principalmente nos seguintes temas: geoprocessamento e mecanização agrícola.",26-04-2019,Universidade do Estado de Mato Grosso
Energy embodiment in Brazilian agriculture: an overview of 23 crops,2015,10.1590/0103-9016-2015-0188,Inglês,Scientia Agricola,A1,1678-992X,"['VEIGA, JOÃO PAULO SOTO', 'Thiago Libório Romanelli', 'GIMENEZ, LEANDRO MARIA', 'BUSATO, PATRIZIA', 'Milan, Marcos']","['1', '2', '3', '4', '5']",['2'],5401789813032087,Thiago Libório Romanelli,Romanelli,"ROMANELLI, T. L.;Romanelli, Thiago L.;Romanelli, Thiago Libório;ROMANELLI, THIAGO"" orcid-id=""https://orcid.org/0000-0001-5407-9031",Piracicaba,SP,"Atualmente é Professor Titular do Departamento de Engenharia de Biossistemas, ESALQ/USP. Atua nos temas: Fluxos de Materiais e de Energia em Sistemas de Produção, Sustentabilidade, Análises de Ciclo de Vida e Viabilidade econômica de adoção de tecnologia. É Engenheiro Agrônomo pela Universidade de São Paulo (2000), mestre em Máquinas Agrícolas pela Universidade de São Paulo (2003) e doutor em Recursos Florestais pela Universidade de São Paulo (2007), tendo sido Research Associate do Center for Environmental Policy da University of Florida (2005-2006), Professor Doutor (2008-2013) e Livre Docente em Mecânica e Máquinas Motoras pela Universidade de São Paulo (2013) . Fulbright Scholar - Cátedra de Ciências Agrárias na University of Nebraska/Lincoln (2017).",28-02-2020,Universidade de São Paulo
Mecanización del cultivo de la caña de azúcar,2010,,Espanhol,Agrotécnica (Madrid),XX,1886-6514,"['Tomaz Caetano Cannavan Rípoli', 'Thiago Libório Romanelli']","['1', '2']",['2'],5401789813032087,Thiago Libório Romanelli,Romanelli,"ROMANELLI, T. L.;Romanelli, Thiago L.;Romanelli, Thiago Libório;ROMANELLI, THIAGO"" orcid-id=""https://orcid.org/0000-0001-5407-9031",Piracicaba,SP,"Atualmente é Professor Titular do Departamento de Engenharia de Biossistemas, ESALQ/USP. Atua nos temas: Fluxos de Materiais e de Energia em Sistemas de Produção, Sustentabilidade, Análises de Ciclo de Vida e Viabilidade econômica de adoção de tecnologia. É Engenheiro Agrônomo pela Universidade de São Paulo (2000), mestre em Máquinas Agrícolas pela Universidade de São Paulo (2003) e doutor em Recursos Florestais pela Universidade de São Paulo (2007), tendo sido Research Associate do Center for Environmental Policy da University of Florida (2005-2006), Professor Doutor (2008-2013) e Livre Docente em Mecânica e Máquinas Motoras pela Universidade de São Paulo (2013) . Fulbright Scholar - Cátedra de Ciências Agrárias na University of Nebraska/Lincoln (2017).",28-02-2020,Universidade de São Paulo
Agricultural sustainability through agrifood system management,2015,,Português,INTERNATIONAL JOURNAL OF AGRICULTURAL MANAGEMENT,B5,2047-3710,"['Dionysis Bochtis', 'Thiago Libório Romanelli', 'Dimitrios Aidonis']","['1', '2', '3']",['2'],5401789813032087,Thiago Libório Romanelli,Romanelli,"ROMANELLI, T. L.;Romanelli, Thiago L.;Romanelli, Thiago Libório;ROMANELLI, THIAGO"" orcid-id=""https://orcid.org/0000-0001-5407-9031",Piracicaba,SP,"Atualmente é Professor Titular do Departamento de Engenharia de Biossistemas, ESALQ/USP. Atua nos temas: Fluxos de Materiais e de Energia em Sistemas de Produção, Sustentabilidade, Análises de Ciclo de Vida e Viabilidade econômica de adoção de tecnologia. É Engenheiro Agrônomo pela Universidade de São Paulo (2000), mestre em Máquinas Agrícolas pela Universidade de São Paulo (2003) e doutor em Recursos Florestais pela Universidade de São Paulo (2007), tendo sido Research Associate do Center for Environmental Policy da University of Florida (2005-2006), Professor Doutor (2008-2013) e Livre Docente em Mecânica e Máquinas Motoras pela Universidade de São Paulo (2013) . Fulbright Scholar - Cátedra de Ciências Agrárias na University of Nebraska/Lincoln (2017).",28-02-2020,Universidade de São Paulo
Energy Demand in Sugarcane Residue Collection and Transportation,2014,,Inglês,E-journal - CIGR,B1,1682-1130,"['Rafael Cesar Tieppo', 'Maria Carolina da Silva Andrea', 'LEANDRO MARIA GIMENEZ', 'Thiago Libório Romanelli']","['1', '2', '3', '4']",['2'],5859946324646438,Maria Carolina da Silva Andrea,Andrea,"ANDREA, M. C. S.;ANDREA, MARIA CAROLINA DA SILVA;DA S. ANDREA, MARIA CAROLINA",Ribeirao Preto,SP,"Possui graduação em Engenharia Agronômica, Mestrado e Doutorado pelo Programa de Engenharia de Sistemas Agrícolas, realizados pela Universidade de São Paulo (USP/ESALQ).
Na graduação participou de pesquisa relacionada com o uso eficiente de água e nitrogênio na produção de forrageiras destinadas à produção de bioetanol. No mestrado avaliou a eficiência do uso de insumos do ciclo de produção de forrageiras. Durante o doutorado utilizou modelo de desenvolvimento de culturas para avaliar a quebra de produtividade e lucratividade da produção da cultura do milho relacionada à variabilidade climática e aplicação de fertilizante nitrogenado.
Atualmente, atua como pesquisadora de Pós-doutorado na Universidade do Estado de Mato Grosso - UNEMAT.
Linha de pesquisa em gestão de sistemas de produção, agrometeorologia, sustentabilidade de sistemas de produção, uso de modelos de desenvolvimento de culturas.",14-08-2019,Universidade do Estado de Mato Grosso
Energy flow in the soybean biodiesel production chain using ethanol as solvent extraction of oil from soybeans,2014,10.1016/j.biombioe.2014.04.004,Inglês,Biomass &amp; Bioenergy,A1,0961-9534,"['Naiane Sangaletti-Gerhard', 'Thiago Libório Romanelli', 'Thais Maria Ferreira de Souza Vieira', 'Rodrigo Navia', ""Marisa Aparecida Bismara Regitano d'Arce""]","['1', '2', '3', '4', '5']",['2'],5401789813032087,Thiago Libório Romanelli,Romanelli,"ROMANELLI, T. L.;Romanelli, Thiago L.;Romanelli, Thiago Libório;ROMANELLI, THIAGO"" orcid-id=""https://orcid.org/0000-0001-5407-9031",Piracicaba,SP,"Atualmente é Professor Titular do Departamento de Engenharia de Biossistemas, ESALQ/USP. Atua nos temas: Fluxos de Materiais e de Energia em Sistemas de Produção, Sustentabilidade, Análises de Ciclo de Vida e Viabilidade econômica de adoção de tecnologia. É Engenheiro Agrônomo pela Universidade de São Paulo (2000), mestre em Máquinas Agrícolas pela Universidade de São Paulo (2003) e doutor em Recursos Florestais pela Universidade de São Paulo (2007), tendo sido Research Associate do Center for Environmental Policy da University of Florida (2005-2006), Professor Doutor (2008-2013) e Livre Docente em Mecânica e Máquinas Motoras pela Universidade de São Paulo (2013) . Fulbright Scholar - Cátedra de Ciências Agrárias na University of Nebraska/Lincoln (2017).",28-02-2020,Universidade de São Paulo
Material and energy demand in actual and suggested maintenance of sugarcane harvesters,2015,,Português,INTERNATIONAL JOURNAL OF AGRICULTURAL MANAGEMENT,B5,2047-3710,"['Edemilson José Mantoam', 'Thiago Libório Romanelli', 'Marcos Milan']","['1', '2', '3']",['2'],5401789813032087,Thiago Libório Romanelli,Romanelli,"ROMANELLI, T. L.;Romanelli, Thiago L.;Romanelli, Thiago Libório;ROMANELLI, THIAGO"" orcid-id=""https://orcid.org/0000-0001-5407-9031",Piracicaba,SP,"Atualmente é Professor Titular do Departamento de Engenharia de Biossistemas, ESALQ/USP. Atua nos temas: Fluxos de Materiais e de Energia em Sistemas de Produção, Sustentabilidade, Análises de Ciclo de Vida e Viabilidade econômica de adoção de tecnologia. É Engenheiro Agrônomo pela Universidade de São Paulo (2000), mestre em Máquinas Agrícolas pela Universidade de São Paulo (2003) e doutor em Recursos Florestais pela Universidade de São Paulo (2007), tendo sido Research Associate do Center for Environmental Policy da University of Florida (2005-2006), Professor Doutor (2008-2013) e Livre Docente em Mecânica e Máquinas Motoras pela Universidade de São Paulo (2013) . Fulbright Scholar - Cátedra de Ciências Agrárias na University of Nebraska/Lincoln (2017).",28-02-2020,Universidade de São Paulo
Energy flow in castor bean (Ricinus communis L.) production systems,2010,10.1590/S0103-90162010000600018,Inglês,Scientia Agrícola (USP. Impresso),A1,0103-9016,"['Silva, Adilson Nunes da', 'Thiago Libório Romanelli', 'Reichardt, Klaus']","['1', '2', '3']",['2'],5401789813032087,Thiago Libório Romanelli,Romanelli,"ROMANELLI, T. L.;Romanelli, Thiago L.;Romanelli, Thiago Libório;ROMANELLI, THIAGO"" orcid-id=""https://orcid.org/0000-0001-5407-9031",Piracicaba,SP,"Atualmente é Professor Titular do Departamento de Engenharia de Biossistemas, ESALQ/USP. Atua nos temas: Fluxos de Materiais e de Energia em Sistemas de Produção, Sustentabilidade, Análises de Ciclo de Vida e Viabilidade econômica de adoção de tecnologia. É Engenheiro Agrônomo pela Universidade de São Paulo (2000), mestre em Máquinas Agrícolas pela Universidade de São Paulo (2003) e doutor em Recursos Florestais pela Universidade de São Paulo (2007), tendo sido Research Associate do Center for Environmental Policy da University of Florida (2005-2006), Professor Doutor (2008-2013) e Livre Docente em Mecânica e Máquinas Motoras pela Universidade de São Paulo (2013) . Fulbright Scholar - Cátedra de Ciências Agrárias na University of Nebraska/Lincoln (2017).",28-02-2020,Universidade de São Paulo
"Energy, water and material footprints of agricultural machinery industry",2018,,Inglês,E-JOURNAL - CIGR,B1,1682-1130,"['Edemilson José Mantoam', 'Mesfin Mekonnen', 'Thiago Libório Romanelli']","['1', '2', '3']",['3'],5401789813032087,Thiago Libório Romanelli,Romanelli,"ROMANELLI, T. L.;Romanelli, Thiago L.;Romanelli, Thiago Libório;ROMANELLI, THIAGO"" orcid-id=""https://orcid.org/0000-0001-5407-9031",Piracicaba,SP,"Atualmente é Professor Titular do Departamento de Engenharia de Biossistemas, ESALQ/USP. Atua nos temas: Fluxos de Materiais e de Energia em Sistemas de Produção, Sustentabilidade, Análises de Ciclo de Vida e Viabilidade econômica de adoção de tecnologia. É Engenheiro Agrônomo pela Universidade de São Paulo (2000), mestre em Máquinas Agrícolas pela Universidade de São Paulo (2003) e doutor em Recursos Florestais pela Universidade de São Paulo (2007), tendo sido Research Associate do Center for Environmental Policy da University of Florida (2005-2006), Professor Doutor (2008-2013) e Livre Docente em Mecânica e Máquinas Motoras pela Universidade de São Paulo (2013) . Fulbright Scholar - Cátedra de Ciências Agrárias na University of Nebraska/Lincoln (2017).",28-02-2020,Universidade de São Paulo
Curvas de desempenho de um trator agrícola com recente inserção no mercado utilizando diferentes proporções de biodiesel,2016,10.18406/2316-1817v8n12016803,Português,Revista Agrogeoambiental,B5,1984-428X,"['Vanderson Rabelo de Paula', 'Carlos Volpato', 'Thiago Libório Romanelli', 'Jackson Antonio Barbosa']","['1', '2', '3', '4']",['3'],5401789813032087,Thiago Libório Romanelli,Romanelli,"ROMANELLI, T. L.;Romanelli, Thiago L.;Romanelli, Thiago Libório;ROMANELLI, THIAGO"" orcid-id=""https://orcid.org/0000-0001-5407-9031",Piracicaba,SP,"Atualmente é Professor Titular do Departamento de Engenharia de Biossistemas, ESALQ/USP. Atua nos temas: Fluxos de Materiais e de Energia em Sistemas de Produção, Sustentabilidade, Análises de Ciclo de Vida e Viabilidade econômica de adoção de tecnologia. É Engenheiro Agrônomo pela Universidade de São Paulo (2000), mestre em Máquinas Agrícolas pela Universidade de São Paulo (2003) e doutor em Recursos Florestais pela Universidade de São Paulo (2007), tendo sido Research Associate do Center for Environmental Policy da University of Florida (2005-2006), Professor Doutor (2008-2013) e Livre Docente em Mecânica e Máquinas Motoras pela Universidade de São Paulo (2013) . Fulbright Scholar - Cátedra de Ciências Agrárias na University of Nebraska/Lincoln (2017).",28-02-2020,Universidade de São Paulo
Software para Otimização Operacional e Econômica de Máquinas de Pulverização Terrestre. Revista Brasileira de Agrocomputação,2001,,Português,Revista Brasileira de Agrocomputação,XX,1676-0425,"['Alcir José Modolo', 'Erivelto Mercante', 'Rafael Cesar Tieppo', 'Fabio WronsKi', 'Antonio Gabriel Filho', 'Jerry Adriani Johann', 'Eduardo Godoy de Souza']","['1', '2', '3', '4', '5', '6', '7']",['3'],3275865819287843,Rafael Cesar Tieppo,Tieppo,"TIEPPO, R. C.;TIEPPO, RAFAEL CESAR;TIEPPO, RAFAEL CÉSAR;R. C. TIEPPO",Cascavel,PR,"Rafael Tieppo possui graduação em Engenharia Agícola pela Universidade Estadual do Oeste do Paraná (2001), mestrado em Engenharia Agrícola pela Universidade Estadual do Oeste do Paraná (2004) e doutorado em Engenharia de Sistemas Agrícolas pela Universidade de São Paulo, ESALQ-USP com período sanduíche na Aarhus University - Dinamarca. Atualmente é professor adjunto da Universidade do Estado de Mato Grosso. Tem experiência na área de Engenharia Agrícola, com ênfase em Otimização Sistemas Agroindustrias, atuando principalmente nos seguintes temas: geoprocessamento e mecanização agrícola.",26-04-2019,Universidade do Estado de Mato Grosso
Capacity in mechanical harvesting of sugar cane,2010,10.1590/S0103-90162010000600001,Português,SCIENTIA AGRICOLA,A1,1678-992X,"['Paulo Rodrigues Peloia', 'Marcos Milan', 'Thiago Libório Romanelli']","['1', '2', '3']",['3'],5401789813032087,Thiago Libório Romanelli,Romanelli,"ROMANELLI, T. L.;Romanelli, Thiago L.;Romanelli, Thiago Libório;ROMANELLI, THIAGO"" orcid-id=""https://orcid.org/0000-0001-5407-9031",Piracicaba,SP,"Atualmente é Professor Titular do Departamento de Engenharia de Biossistemas, ESALQ/USP. Atua nos temas: Fluxos de Materiais e de Energia em Sistemas de Produção, Sustentabilidade, Análises de Ciclo de Vida e Viabilidade econômica de adoção de tecnologia. É Engenheiro Agrônomo pela Universidade de São Paulo (2000), mestre em Máquinas Agrícolas pela Universidade de São Paulo (2003) e doutor em Recursos Florestais pela Universidade de São Paulo (2007), tendo sido Research Associate do Center for Environmental Policy da University of Florida (2005-2006), Professor Doutor (2008-2013) e Livre Docente em Mecânica e Máquinas Motoras pela Universidade de São Paulo (2013) . Fulbright Scholar - Cátedra de Ciências Agrárias na University of Nebraska/Lincoln (2017).",28-02-2020,Universidade de São Paulo
Indicadores de desempenho para a gestão dos processos operacionais citrícolas,2019,10.34117/bjdv5n12-072,Português,Brazilian Journal of Development,XX,2525-8761,"['Nelson Cerino Franco Junior', 'Marcos Milan', 'Thiago Libório Romanelli']","['1', '2', '3']",['3'],5401789813032087,Thiago Libório Romanelli,Romanelli,"ROMANELLI, T. L.;Romanelli, Thiago L.;Romanelli, Thiago Libório;ROMANELLI, THIAGO"" orcid-id=""https://orcid.org/0000-0001-5407-9031",Piracicaba,SP,"Atualmente é Professor Titular do Departamento de Engenharia de Biossistemas, ESALQ/USP. Atua nos temas: Fluxos de Materiais e de Energia em Sistemas de Produção, Sustentabilidade, Análises de Ciclo de Vida e Viabilidade econômica de adoção de tecnologia. É Engenheiro Agrônomo pela Universidade de São Paulo (2000), mestre em Máquinas Agrícolas pela Universidade de São Paulo (2003) e doutor em Recursos Florestais pela Universidade de São Paulo (2007), tendo sido Research Associate do Center for Environmental Policy da University of Florida (2005-2006), Professor Doutor (2008-2013) e Livre Docente em Mecânica e Máquinas Motoras pela Universidade de São Paulo (2013) . Fulbright Scholar - Cátedra de Ciências Agrárias na University of Nebraska/Lincoln (2017).",28-02-2020,Universidade de São Paulo
O biodiesel e o consumo de energia na agricultura,2009,,Português,Boletim de Pesquisa de Soja,C ,1807-7676,"['João Gomes Martines Filho', 'Natália Zancan', 'Thiago Libório Romanelli']","['1', '2', '3']",['3'],5401789813032087,Thiago Libório Romanelli,Romanelli,"ROMANELLI, T. L.;Romanelli, Thiago L.;Romanelli, Thiago Libório;ROMANELLI, THIAGO"" orcid-id=""https://orcid.org/0000-0001-5407-9031",Piracicaba,SP,"Atualmente é Professor Titular do Departamento de Engenharia de Biossistemas, ESALQ/USP. Atua nos temas: Fluxos de Materiais e de Energia em Sistemas de Produção, Sustentabilidade, Análises de Ciclo de Vida e Viabilidade econômica de adoção de tecnologia. É Engenheiro Agrônomo pela Universidade de São Paulo (2000), mestre em Máquinas Agrícolas pela Universidade de São Paulo (2003) e doutor em Recursos Florestais pela Universidade de São Paulo (2007), tendo sido Research Associate do Center for Environmental Policy da University of Florida (2005-2006), Professor Doutor (2008-2013) e Livre Docente em Mecânica e Máquinas Motoras pela Universidade de São Paulo (2013) . Fulbright Scholar - Cátedra de Ciências Agrárias na University of Nebraska/Lincoln (2017).",28-02-2020,Universidade de São Paulo
Distribuição e probabilidade de ocorrência de precipitação em Cáceres (MT),2012,,Português,Pesquisa Agropecuária Tropical (Impresso),B1,1517-6398,"['Jaqueline Aguilla Pizzato', 'Rivanildo Dallacort', 'Rafael Cesar Tieppo', 'Alcir José Modolo', 'CASSIANO CREMON', 'Patrícia Simone Palhana Moreira']","['1', '2', '3', '4', '5', '6']",['3'],3275865819287843,Rafael Cesar Tieppo,Tieppo,"TIEPPO, R. C.;TIEPPO, RAFAEL CESAR;TIEPPO, RAFAEL CÉSAR;R. C. TIEPPO",Cascavel,PR,"Rafael Tieppo possui graduação em Engenharia Agícola pela Universidade Estadual do Oeste do Paraná (2001), mestrado em Engenharia Agrícola pela Universidade Estadual do Oeste do Paraná (2004) e doutorado em Engenharia de Sistemas Agrícolas pela Universidade de São Paulo, ESALQ-USP com período sanduíche na Aarhus University - Dinamarca. Atualmente é professor adjunto da Universidade do Estado de Mato Grosso. Tem experiência na área de Engenharia Agrícola, com ênfase em Otimização Sistemas Agroindustrias, atuando principalmente nos seguintes temas: geoprocessamento e mecanização agrícola.",26-04-2019,Universidade do Estado de Mato Grosso
Cost of boundary manoeuvres in sugarcane production,2015,10.1016/j.biosystemseng.2014.09.007,Inglês,Biosystems Engineering,A1,1537-5110,"['Mark Spekken', 'José Paulo Molin', 'Thiago Libório Romanelli']","['1', '2', '3']",['3'],5401789813032087,Thiago Libório Romanelli,Romanelli,"ROMANELLI, T. L.;Romanelli, Thiago L.;Romanelli, Thiago Libório;ROMANELLI, THIAGO"" orcid-id=""https://orcid.org/0000-0001-5407-9031",Piracicaba,SP,"Atualmente é Professor Titular do Departamento de Engenharia de Biossistemas, ESALQ/USP. Atua nos temas: Fluxos de Materiais e de Energia em Sistemas de Produção, Sustentabilidade, Análises de Ciclo de Vida e Viabilidade econômica de adoção de tecnologia. É Engenheiro Agrônomo pela Universidade de São Paulo (2000), mestre em Máquinas Agrícolas pela Universidade de São Paulo (2003) e doutor em Recursos Florestais pela Universidade de São Paulo (2007), tendo sido Research Associate do Center for Environmental Policy da University of Florida (2005-2006), Professor Doutor (2008-2013) e Livre Docente em Mecânica e Máquinas Motoras pela Universidade de São Paulo (2013) . Fulbright Scholar - Cátedra de Ciências Agrárias na University of Nebraska/Lincoln (2017).",28-02-2020,Universidade de São Paulo
Hora de cuidar,2016,,Português,Cultivar Máquinas,B5,1676-0158,"['Leandro Maria Gimenez', 'Marcos Milan', 'Thiago Libório Romanelli']","['1', '2', '3']",['3'],5401789813032087,Thiago Libório Romanelli,Romanelli,"ROMANELLI, T. L.;Romanelli, Thiago L.;Romanelli, Thiago Libório;ROMANELLI, THIAGO"" orcid-id=""https://orcid.org/0000-0001-5407-9031",Piracicaba,SP,"Atualmente é Professor Titular do Departamento de Engenharia de Biossistemas, ESALQ/USP. Atua nos temas: Fluxos de Materiais e de Energia em Sistemas de Produção, Sustentabilidade, Análises de Ciclo de Vida e Viabilidade econômica de adoção de tecnologia. É Engenheiro Agrônomo pela Universidade de São Paulo (2000), mestre em Máquinas Agrícolas pela Universidade de São Paulo (2003) e doutor em Recursos Florestais pela Universidade de São Paulo (2007), tendo sido Research Associate do Center for Environmental Policy da University of Florida (2005-2006), Professor Doutor (2008-2013) e Livre Docente em Mecânica e Máquinas Motoras pela Universidade de São Paulo (2013) . Fulbright Scholar - Cátedra de Ciências Agrárias na University of Nebraska/Lincoln (2017).",28-02-2020,Universidade de São Paulo
PRODUCTIVE POTENTIAL OF SECOND GROWING SEASON OF MAIZE IN DIFFERENT SOWING TIMES SUBJECTED TO SUPPLEMENTARY IRRIGATION,2018,10.18512/1980-6477/rbms.v17n3p408-419,Português,REVISTA BRASILEIRA DE MILHO E SORGO (ONLINE),B2,1980-6477,"['BARBIERI, JOAO DANILO', 'DALLACORT, RIVANILDO', 'Rafael Cesar Tieppo', 'FREITAS, PAULO SÉRGIO LOURENÇO DE', 'SANTI, ADALBERTO']","['1', '2', '3', '4', '5']",['3'],3275865819287843,Rafael Cesar Tieppo,Tieppo,"TIEPPO, R. C.;TIEPPO, RAFAEL CESAR;TIEPPO, RAFAEL CÉSAR;R. C. TIEPPO",Cascavel,PR,"Rafael Tieppo possui graduação em Engenharia Agícola pela Universidade Estadual do Oeste do Paraná (2001), mestrado em Engenharia Agrícola pela Universidade Estadual do Oeste do Paraná (2004) e doutorado em Engenharia de Sistemas Agrícolas pela Universidade de São Paulo, ESALQ-USP com período sanduíche na Aarhus University - Dinamarca. Atualmente é professor adjunto da Universidade do Estado de Mato Grosso. Tem experiência na área de Engenharia Agrícola, com ênfase em Otimização Sistemas Agroindustrias, atuando principalmente nos seguintes temas: geoprocessamento e mecanização agrícola.",26-04-2019,Universidade do Estado de Mato Grosso
Energy demand in citrus production under varied operational efficiency values,2014,10.1590/S0100-69162014000400014,Inglês,Engenharia Agrícola (Impresso),B1,0100-6916,"['Nelson Cerino Franco Junior', 'Marcos Milan', 'Thiago Libório Romanelli']","['1', '2', '3']",['3'],5401789813032087,Thiago Libório Romanelli,Romanelli,"ROMANELLI, T. L.;Romanelli, Thiago L.;Romanelli, Thiago Libório;ROMANELLI, THIAGO"" orcid-id=""https://orcid.org/0000-0001-5407-9031",Piracicaba,SP,"Atualmente é Professor Titular do Departamento de Engenharia de Biossistemas, ESALQ/USP. Atua nos temas: Fluxos de Materiais e de Energia em Sistemas de Produção, Sustentabilidade, Análises de Ciclo de Vida e Viabilidade econômica de adoção de tecnologia. É Engenheiro Agrônomo pela Universidade de São Paulo (2000), mestre em Máquinas Agrícolas pela Universidade de São Paulo (2003) e doutor em Recursos Florestais pela Universidade de São Paulo (2007), tendo sido Research Associate do Center for Environmental Policy da University of Florida (2005-2006), Professor Doutor (2008-2013) e Livre Docente em Mecânica e Máquinas Motoras pela Universidade de São Paulo (2013) . Fulbright Scholar - Cátedra de Ciências Agrárias na University of Nebraska/Lincoln (2017).",28-02-2020,Universidade de São Paulo
"Concentração de material particulado na região de Tangará da Serra-MT, sul da amazônia legal",2014,,Português,Revista Brasileira de Geografia Física,B5,1984-2295,"['Patrícia Simone Palhana Moreira', 'Rivanildo Dallacort', 'Idilaine de Fatima Lima', 'Rafael Cesar Tieppo', 'Cristiano Santos']","['1', '2', '3', '4', '5']",['4'],3275865819287843,Rafael Cesar Tieppo,Tieppo,"TIEPPO, R. C.;TIEPPO, RAFAEL CESAR;TIEPPO, RAFAEL CÉSAR;R. C. TIEPPO",Cascavel,PR,"Rafael Tieppo possui graduação em Engenharia Agícola pela Universidade Estadual do Oeste do Paraná (2001), mestrado em Engenharia Agrícola pela Universidade Estadual do Oeste do Paraná (2004) e doutorado em Engenharia de Sistemas Agrícolas pela Universidade de São Paulo, ESALQ-USP com período sanduíche na Aarhus University - Dinamarca. Atualmente é professor adjunto da Universidade do Estado de Mato Grosso. Tem experiência na área de Engenharia Agrícola, com ênfase em Otimização Sistemas Agroindustrias, atuando principalmente nos seguintes temas: geoprocessamento e mecanização agrícola.",26-04-2019,Universidade do Estado de Mato Grosso
Estimativa da capacidade de armazenamento de água no solo para a microrregião da BAP/MT,2017,,Português,Revista Ibero-americana de Ciências Ambientais,B5,2179-6858,"['BARBIERI, JOÃO DANILO', 'DALLACORT, RIVANILDO', 'Tiago Oliveira', 'Rafael Cesar Tieppo', 'Dejânia Vieira de Araújo']","['1', '2', '3', '4', '5']",['4'],3275865819287843,Rafael Cesar Tieppo,Tieppo,"TIEPPO, R. C.;TIEPPO, RAFAEL CESAR;TIEPPO, RAFAEL CÉSAR;R. C. TIEPPO",Cascavel,PR,"Rafael Tieppo possui graduação em Engenharia Agícola pela Universidade Estadual do Oeste do Paraná (2001), mestrado em Engenharia Agrícola pela Universidade Estadual do Oeste do Paraná (2004) e doutorado em Engenharia de Sistemas Agrícolas pela Universidade de São Paulo, ESALQ-USP com período sanduíche na Aarhus University - Dinamarca. Atualmente é professor adjunto da Universidade do Estado de Mato Grosso. Tem experiência na área de Engenharia Agrícola, com ênfase em Otimização Sistemas Agroindustrias, atuando principalmente nos seguintes temas: geoprocessamento e mecanização agrícola.",26-04-2019,Universidade do Estado de Mato Grosso
Capacidade estática de armazenagem de grãos em Tangará da Serra e microrregião,2017,,Português,ESPACIOS (CARACAS),C ,0798-1015,"['Nilson Gomes de Souza Júnior', 'Ronicely Pereira da Rocha', 'Adalberto Santi', 'Rafael Cesar Tieppo']","['1', '2', '3', '4']",['4'],3275865819287843,Rafael Cesar Tieppo,Tieppo,"TIEPPO, R. C.;TIEPPO, RAFAEL CESAR;TIEPPO, RAFAEL CÉSAR;R. C. TIEPPO",Cascavel,PR,"Rafael Tieppo possui graduação em Engenharia Agícola pela Universidade Estadual do Oeste do Paraná (2001), mestrado em Engenharia Agrícola pela Universidade Estadual do Oeste do Paraná (2004) e doutorado em Engenharia de Sistemas Agrícolas pela Universidade de São Paulo, ESALQ-USP com período sanduíche na Aarhus University - Dinamarca. Atualmente é professor adjunto da Universidade do Estado de Mato Grosso. Tem experiência na área de Engenharia Agrícola, com ênfase em Otimização Sistemas Agroindustrias, atuando principalmente nos seguintes temas: geoprocessamento e mecanização agrícola.",26-04-2019,Universidade do Estado de Mato Grosso
Mobility of flumioxazin in argisol at southern Amazon,2018,,Português,PERIÓDICO TCHÊ QUÍMICA (MEIO ELETRÔNICO),XX,2179-0302,"['Oscar Mitsuo Yamashita', 'Ricardo Vicentin Carvalho', 'Marco Antônio Camilo de Carvalho', 'Rafael Cesar Tieppo', 'DALLACORT, RIVANILDO']","['1', '2', '3', '4', '5']",['4'],3275865819287843,Rafael Cesar Tieppo,Tieppo,"TIEPPO, R. C.;TIEPPO, RAFAEL CESAR;TIEPPO, RAFAEL CÉSAR;R. C. TIEPPO",Cascavel,PR,"Rafael Tieppo possui graduação em Engenharia Agícola pela Universidade Estadual do Oeste do Paraná (2001), mestrado em Engenharia Agrícola pela Universidade Estadual do Oeste do Paraná (2004) e doutorado em Engenharia de Sistemas Agrícolas pela Universidade de São Paulo, ESALQ-USP com período sanduíche na Aarhus University - Dinamarca. Atualmente é professor adjunto da Universidade do Estado de Mato Grosso. Tem experiência na área de Engenharia Agrícola, com ênfase em Otimização Sistemas Agroindustrias, atuando principalmente nos seguintes temas: geoprocessamento e mecanização agrícola.",26-04-2019,Universidade do Estado de Mato Grosso
A cost prediction model for machine operation in multi-field production systems,2016,10.1590/0103-9016-2015-0304,Inglês,SCIENTIA AGRICOLA,A1,1678-992X,"['Remigio Berruto', 'Alessandro Sopegno', 'Patrizia Busato', 'Thiago Libório Romanelli']","['1', '2', '3', '4']",['4'],5401789813032087,Thiago Libório Romanelli,Romanelli,"ROMANELLI, T. L.;Romanelli, Thiago L.;Romanelli, Thiago Libório;ROMANELLI, THIAGO"" orcid-id=""https://orcid.org/0000-0001-5407-9031",Piracicaba,SP,"Atualmente é Professor Titular do Departamento de Engenharia de Biossistemas, ESALQ/USP. Atua nos temas: Fluxos de Materiais e de Energia em Sistemas de Produção, Sustentabilidade, Análises de Ciclo de Vida e Viabilidade econômica de adoção de tecnologia. É Engenheiro Agrônomo pela Universidade de São Paulo (2000), mestre em Máquinas Agrícolas pela Universidade de São Paulo (2003) e doutor em Recursos Florestais pela Universidade de São Paulo (2007), tendo sido Research Associate do Center for Environmental Policy da University of Florida (2005-2006), Professor Doutor (2008-2013) e Livre Docente em Mecânica e Máquinas Motoras pela Universidade de São Paulo (2013) . Fulbright Scholar - Cátedra de Ciências Agrárias na University of Nebraska/Lincoln (2017).",28-02-2020,Universidade de São Paulo
Embodied energy associated with the materials used in irrigation systems: Drip and centre pivot,2014,10.1016/j.biosystemseng.2014.02.002,Inglês,Biosystems Engineering,A1,1537-5110,"['Adriano Valentim Diotto', 'Marcos Vinícius Folegatti', 'Sérgio Nascimento Duarte', 'Thiago Libório Romanelli']","['1', '2', '3', '4']",['4'],5401789813032087,Thiago Libório Romanelli,Romanelli,"ROMANELLI, T. L.;Romanelli, Thiago L.;Romanelli, Thiago Libório;ROMANELLI, THIAGO"" orcid-id=""https://orcid.org/0000-0001-5407-9031",Piracicaba,SP,"Atualmente é Professor Titular do Departamento de Engenharia de Biossistemas, ESALQ/USP. Atua nos temas: Fluxos de Materiais e de Energia em Sistemas de Produção, Sustentabilidade, Análises de Ciclo de Vida e Viabilidade econômica de adoção de tecnologia. É Engenheiro Agrônomo pela Universidade de São Paulo (2000), mestre em Máquinas Agrícolas pela Universidade de São Paulo (2003) e doutor em Recursos Florestais pela Universidade de São Paulo (2007), tendo sido Research Associate do Center for Environmental Policy da University of Florida (2005-2006), Professor Doutor (2008-2013) e Livre Docente em Mecânica e Máquinas Motoras pela Universidade de São Paulo (2013) . Fulbright Scholar - Cátedra de Ciências Agrárias na University of Nebraska/Lincoln (2017).",28-02-2020,Universidade de São Paulo
Emissão de CO2 e potencial de conservação de C em solo submetido à aplicação de diferentes adubos orgânicos,2010,,Português,Agrarian (Dourados. Online),B3,1984-2538,"['Wininton Mendes Silva', 'CASSIANO CREMON', 'Nilbe Carla Mapeli', 'Rafael Cesar Tieppo', 'Jucélio Marcos Carvalho', 'Loana Longo', 'Marcelo Ferri', 'Wellington Azambuja']","['1', '2', '3', '4', '5', '6', '7', '8']",['4'],3275865819287843,Rafael Cesar Tieppo,Tieppo,"TIEPPO, R. C.;TIEPPO, RAFAEL CESAR;TIEPPO, RAFAEL CÉSAR;R. C. TIEPPO",Cascavel,PR,"Rafael Tieppo possui graduação em Engenharia Agícola pela Universidade Estadual do Oeste do Paraná (2001), mestrado em Engenharia Agrícola pela Universidade Estadual do Oeste do Paraná (2004) e doutorado em Engenharia de Sistemas Agrícolas pela Universidade de São Paulo, ESALQ-USP com período sanduíche na Aarhus University - Dinamarca. Atualmente é professor adjunto da Universidade do Estado de Mato Grosso. Tem experiência na área de Engenharia Agrícola, com ênfase em Otimização Sistemas Agroindustrias, atuando principalmente nos seguintes temas: geoprocessamento e mecanização agrícola.",26-04-2019,Universidade do Estado de Mato Grosso
Embodied energy of sugarcane harvesters,2014,10.1016/j.biosystemseng.2013.12.003,Inglês,Biosystems Engineering,A1,1537-5110,"['Edemilson José Mantoam', 'Marcos Milan', 'Leandro Maria Gimenez', 'Thiago Libório Romanelli']","['1', '2', '3', '4']",['4'],5401789813032087,Thiago Libório Romanelli,Romanelli,"ROMANELLI, T. L.;Romanelli, Thiago L.;Romanelli, Thiago Libório;ROMANELLI, THIAGO"" orcid-id=""https://orcid.org/0000-0001-5407-9031",Piracicaba,SP,"Atualmente é Professor Titular do Departamento de Engenharia de Biossistemas, ESALQ/USP. Atua nos temas: Fluxos de Materiais e de Energia em Sistemas de Produção, Sustentabilidade, Análises de Ciclo de Vida e Viabilidade econômica de adoção de tecnologia. É Engenheiro Agrônomo pela Universidade de São Paulo (2000), mestre em Máquinas Agrícolas pela Universidade de São Paulo (2003) e doutor em Recursos Florestais pela Universidade de São Paulo (2007), tendo sido Research Associate do Center for Environmental Policy da University of Florida (2005-2006), Professor Doutor (2008-2013) e Livre Docente em Mecânica e Máquinas Motoras pela Universidade de São Paulo (2013) . Fulbright Scholar - Cátedra de Ciências Agrárias na University of Nebraska/Lincoln (2017).",28-02-2020,Universidade de São Paulo
Field phenotyping using multispectral imaging in pea (Pisum sativum L) and chickpea (Cicer arietinum L),2019,10.1016/j.eaef.2019.06.002,Inglês,"Engineering in Agriculture, Environment and Food",B2,1881-8366,"['QUIRÓS, JUAN J.', 'MCGEE, REBECCA J.', 'VANDEMARK, GEORGE J.', 'Thiago Libório Romanelli', 'SANKARAN, SINDHUJA']","['1', '2', '3', '4', '5']",['4'],5401789813032087,Thiago Libório Romanelli,Romanelli,"ROMANELLI, T. L.;Romanelli, Thiago L.;Romanelli, Thiago Libório;ROMANELLI, THIAGO"" orcid-id=""https://orcid.org/0000-0001-5407-9031",Piracicaba,SP,"Atualmente é Professor Titular do Departamento de Engenharia de Biossistemas, ESALQ/USP. Atua nos temas: Fluxos de Materiais e de Energia em Sistemas de Produção, Sustentabilidade, Análises de Ciclo de Vida e Viabilidade econômica de adoção de tecnologia. É Engenheiro Agrônomo pela Universidade de São Paulo (2000), mestre em Máquinas Agrícolas pela Universidade de São Paulo (2003) e doutor em Recursos Florestais pela Universidade de São Paulo (2007), tendo sido Research Associate do Center for Environmental Policy da University of Florida (2005-2006), Professor Doutor (2008-2013) e Livre Docente em Mecânica e Máquinas Motoras pela Universidade de São Paulo (2013) . Fulbright Scholar - Cátedra de Ciências Agrárias na University of Nebraska/Lincoln (2017).",28-02-2020,Universidade de São Paulo
"ADJUSTMENT AND EVALUATION OF CROPGRO-SOYBEAN AND CERES-MAIZE FOR DIFFERENT GENETIC MATERIAL IN A REGION OF MATO GROSSO STATE, BRAZIL",2019,,Inglês,TROPICAL AND SUBTROPICAL AGROECOSYSTEMS,B2,1870-0462,"['Maria Carolina Silva Andrea', 'BARBIERI, JOÃO DANILO', 'Rivanildo Dallacort', 'Rafael Cesar Tieppo', 'Paulo Sérgio Lourenço de Freitas', 'Jucélio Marcos Carvalho']","['1', '2', '3', '4', '5', '6']",['4'],3275865819287843,Rafael Cesar Tieppo,Tieppo,"TIEPPO, R. C.;TIEPPO, RAFAEL CESAR;TIEPPO, RAFAEL CÉSAR;R. C. TIEPPO",Cascavel,PR,"Rafael Tieppo possui graduação em Engenharia Agícola pela Universidade Estadual do Oeste do Paraná (2001), mestrado em Engenharia Agrícola pela Universidade Estadual do Oeste do Paraná (2004) e doutorado em Engenharia de Sistemas Agrícolas pela Universidade de São Paulo, ESALQ-USP com período sanduíche na Aarhus University - Dinamarca. Atualmente é professor adjunto da Universidade do Estado de Mato Grosso. Tem experiência na área de Engenharia Agrícola, com ênfase em Otimização Sistemas Agroindustrias, atuando principalmente nos seguintes temas: geoprocessamento e mecanização agrícola.",26-04-2019,Universidade do Estado de Mato Grosso
Energy assessment for variable rate nitrogen application,2012,,Inglês,E-journal - CIGR,B1,1682-1130,"['André Freitas Colaço', 'Fabrício Pinheiro Povh', 'José Paulo Molin', 'Thiago Libório Romanelli']","['1', '2', '3', '4']",['4'],5401789813032087,Thiago Libório Romanelli,Romanelli,"ROMANELLI, T. L.;Romanelli, Thiago L.;Romanelli, Thiago Libório;ROMANELLI, THIAGO"" orcid-id=""https://orcid.org/0000-0001-5407-9031",Piracicaba,SP,"Atualmente é Professor Titular do Departamento de Engenharia de Biossistemas, ESALQ/USP. Atua nos temas: Fluxos de Materiais e de Energia em Sistemas de Produção, Sustentabilidade, Análises de Ciclo de Vida e Viabilidade econômica de adoção de tecnologia. É Engenheiro Agrônomo pela Universidade de São Paulo (2000), mestre em Máquinas Agrícolas pela Universidade de São Paulo (2003) e doutor em Recursos Florestais pela Universidade de São Paulo (2007), tendo sido Research Associate do Center for Environmental Policy da University of Florida (2005-2006), Professor Doutor (2008-2013) e Livre Docente em Mecânica e Máquinas Motoras pela Universidade de São Paulo (2013) . Fulbright Scholar - Cátedra de Ciências Agrárias na University of Nebraska/Lincoln (2017).",28-02-2020,Universidade de São Paulo
Spatial variability of the ten-day rainfall in the months in which the sowing of soybean and winter corn begins in the state of Mato Grosso,2016,10.15361/1984-5529.2016v44n4p477-484,Português,Científica (Jaboticabal. Online),B3,1984-5529,"['DE MARCO, KÁSSIO', 'MORAES DIAS, VANESSA RAKEL', 'DALLACORT, RIVANILDO', 'LIMA ALVES, ELIS DENER', 'Rafael Cesar Tieppo', 'ARAÚJO, DEJÂNIA VIEIRA DE', 'BARBIERI, JOÃO DANILO']","['1', '2', '3', '4', '5', '6', '7']",['5'],3275865819287843,Rafael Cesar Tieppo,Tieppo,"TIEPPO, R. C.;TIEPPO, RAFAEL CESAR;TIEPPO, RAFAEL CÉSAR;R. C. TIEPPO",Cascavel,PR,"Rafael Tieppo possui graduação em Engenharia Agícola pela Universidade Estadual do Oeste do Paraná (2001), mestrado em Engenharia Agrícola pela Universidade Estadual do Oeste do Paraná (2004) e doutorado em Engenharia de Sistemas Agrícolas pela Universidade de São Paulo, ESALQ-USP com período sanduíche na Aarhus University - Dinamarca. Atualmente é professor adjunto da Universidade do Estado de Mato Grosso. Tem experiência na área de Engenharia Agrícola, com ênfase em Otimização Sistemas Agroindustrias, atuando principalmente nos seguintes temas: geoprocessamento e mecanização agrícola.",26-04-2019,Universidade do Estado de Mato Grosso
Triple-bottom-line assessment of São Paulo state's sugarcane production based on a Brazilian multi-regional input-output matrix,2018,10.1016/j.rser.2017.09.075,Inglês,RENEWABLE &amp; SUSTAINABLE ENERGY REVIEWS,A1,1364-0321,"['João Paulo Soto Veiga', 'Arunima Malik', 'Manfred Lenzen', 'Joaquim Bento de Souza Ferreira Filho', 'Thiago Libório Romanelli']","['1', '2', '3', '4', '5']",['5'],5401789813032087,Thiago Libório Romanelli,Romanelli,"ROMANELLI, T. L.;Romanelli, Thiago L.;Romanelli, Thiago Libório;ROMANELLI, THIAGO"" orcid-id=""https://orcid.org/0000-0001-5407-9031",Piracicaba,SP,"Atualmente é Professor Titular do Departamento de Engenharia de Biossistemas, ESALQ/USP. Atua nos temas: Fluxos de Materiais e de Energia em Sistemas de Produção, Sustentabilidade, Análises de Ciclo de Vida e Viabilidade econômica de adoção de tecnologia. É Engenheiro Agrônomo pela Universidade de São Paulo (2000), mestre em Máquinas Agrícolas pela Universidade de São Paulo (2003) e doutor em Recursos Florestais pela Universidade de São Paulo (2007), tendo sido Research Associate do Center for Environmental Policy da University of Florida (2005-2006), Professor Doutor (2008-2013) e Livre Docente em Mecânica e Máquinas Motoras pela Universidade de São Paulo (2013) . Fulbright Scholar - Cátedra de Ciências Agrárias na University of Nebraska/Lincoln (2017).",28-02-2020,Universidade de São Paulo
Desempenho agronômico de alface americana fertilizada com torta de filtro em ambiente protegido,2013,10.1590/S0102-05362013000200027,Inglês,Horticultura Brasileira (Impresso),B1,0102-0536,"['SANTI, ADALBERTO', 'SCARAMUZZA, WALCYLENE LMP', 'NEUHAUS, ALEXANDRO', 'DALLACORT, RIVANILDO', 'KRAUSE, WILLIAN', 'Rafael Cesar Tieppo']","['1', '2', '3', '4', '5', '6']",['6'],3275865819287843,Rafael Cesar Tieppo,Tieppo,"TIEPPO, R. C.;TIEPPO, RAFAEL CESAR;TIEPPO, RAFAEL CÉSAR;R. C. TIEPPO",Cascavel,PR,"Rafael Tieppo possui graduação em Engenharia Agícola pela Universidade Estadual do Oeste do Paraná (2001), mestrado em Engenharia Agrícola pela Universidade Estadual do Oeste do Paraná (2004) e doutorado em Engenharia de Sistemas Agrícolas pela Universidade de São Paulo, ESALQ-USP com período sanduíche na Aarhus University - Dinamarca. Atualmente é professor adjunto da Universidade do Estado de Mato Grosso. Tem experiência na área de Engenharia Agrícola, com ênfase em Otimização Sistemas Agroindustrias, atuando principalmente nos seguintes temas: geoprocessamento e mecanização agrícola.",26-04-2019,Universidade do Estado de Mato Grosso
Energy analysis of Jatropha curcas under irrigation and rainfed at the Southeast Brazilian humid subtropical,2018,,Inglês,E-JOURNAL - CIGR,B1,1682-1130,"['Otávio Neto Almeida Santos', 'Marcos Vinícius Folegatti', 'Bruno P. Lena', 'Adriano Valentim Diotto', 'João Paulo Francisco', 'Thiago Libório Romanelli']","['1', '2', '3', '4', '5', '6']",['6'],5401789813032087,Thiago Libório Romanelli,Romanelli,"ROMANELLI, T. L.;Romanelli, Thiago L.;Romanelli, Thiago Libório;ROMANELLI, THIAGO"" orcid-id=""https://orcid.org/0000-0001-5407-9031",Piracicaba,SP,"Atualmente é Professor Titular do Departamento de Engenharia de Biossistemas, ESALQ/USP. Atua nos temas: Fluxos de Materiais e de Energia em Sistemas de Produção, Sustentabilidade, Análises de Ciclo de Vida e Viabilidade econômica de adoção de tecnologia. É Engenheiro Agrônomo pela Universidade de São Paulo (2000), mestre em Máquinas Agrícolas pela Universidade de São Paulo (2003) e doutor em Recursos Florestais pela Universidade de São Paulo (2007), tendo sido Research Associate do Center for Environmental Policy da University of Florida (2005-2006), Professor Doutor (2008-2013) e Livre Docente em Mecânica e Máquinas Motoras pela Universidade de São Paulo (2013) . Fulbright Scholar - Cátedra de Ciências Agrárias na University of Nebraska/Lincoln (2017).",28-02-2020,Universidade de São Paulo
IMPACT OF IRRIGATION AND NITROGEN FERTILIZATION ON THE ENERGY BALANCE AND ENERGY RETURN ON INVESTMENT OF JATROPHA PRODUCTION,2017,10.7127/rbai.v11n500792,Inglês,Revista brasileira de agricultura irrigada,B3,1982-7679,"['SANTOS, OTÁVIO NETO ALMEIDA', 'ANDRADE, IRINEU PEDRO DE SOUSA', 'LENA, BRUNO PATIAS', 'FOLEGATTI, MARCOS VINÍCIUS', 'DIOTTO, ADRIANO VALENTIM', 'Thiago Libório Romanelli']","['1', '2', '3', '4', '5', '6']",['6'],5401789813032087,Thiago Libório Romanelli,Romanelli,"ROMANELLI, T. L.;Romanelli, Thiago L.;Romanelli, Thiago Libório;ROMANELLI, THIAGO"" orcid-id=""https://orcid.org/0000-0001-5407-9031",Piracicaba,SP,"Atualmente é Professor Titular do Departamento de Engenharia de Biossistemas, ESALQ/USP. Atua nos temas: Fluxos de Materiais e de Energia em Sistemas de Produção, Sustentabilidade, Análises de Ciclo de Vida e Viabilidade econômica de adoção de tecnologia. É Engenheiro Agrônomo pela Universidade de São Paulo (2000), mestre em Máquinas Agrícolas pela Universidade de São Paulo (2003) e doutor em Recursos Florestais pela Universidade de São Paulo (2007), tendo sido Research Associate do Center for Environmental Policy da University of Florida (2005-2006), Professor Doutor (2008-2013) e Livre Docente em Mecânica e Máquinas Motoras pela Universidade de São Paulo (2013) . Fulbright Scholar - Cátedra de Ciências Agrárias na University of Nebraska/Lincoln (2017).",28-02-2020,Universidade de São Paulo
Uniformidade de distribuição de plantas e estande de milho (&amp;lt;em&amp;gt;Zea mays L.&amp;lt;/em&amp;gt;) em função do mecanismo dosador de sementes,2005,10.4025/actasciagron.v27i3.1412,Português,Acta Scientiarum. Agronomy (Online),A2,1807-8621,"['João Cleber Modernel da Silveira', 'Antonio Gabriel Filho', 'Tieppo, Rafael César', 'Douglas Guedes Batista Torres', 'Baldessin Júnior, Arnaldo', 'Boligon, Fábio', 'Rafael Cesar Tieppo']","['1', '2', '3', '4', '5', '6', '7']",['7'],3275865819287843,Rafael Cesar Tieppo,Tieppo,"TIEPPO, R. C.;TIEPPO, RAFAEL CESAR;TIEPPO, RAFAEL CÉSAR;R. C. TIEPPO",Cascavel,PR,"Rafael Tieppo possui graduação em Engenharia Agícola pela Universidade Estadual do Oeste do Paraná (2001), mestrado em Engenharia Agrícola pela Universidade Estadual do Oeste do Paraná (2004) e doutorado em Engenharia de Sistemas Agrícolas pela Universidade de São Paulo, ESALQ-USP com período sanduíche na Aarhus University - Dinamarca. Atualmente é professor adjunto da Universidade do Estado de Mato Grosso. Tem experiência na área de Engenharia Agrícola, com ênfase em Otimização Sistemas Agroindustrias, atuando principalmente nos seguintes temas: geoprocessamento e mecanização agrícola.",26-04-2019,Universidade do Estado de Mato Grosso
"Sowing dates and plant density of peanut cultivars in different soil and climatic conditions of Mato Grosso state, Brazil",2014,,Português,"International Journal of Food, Agriculture and Environment (Online)",B2,1459-0263,"['João Danilo Barbieri', 'Rivanildo Dallacort', 'Adalberto Santi', 'Kássio de Marco', 'Alcir José Modolo', 'Santino Seabra Júnior', 'Ronicely Pereira da Rocha', 'Rafael Cesar Tieppo']","['1', '2', '3', '4', '5', '6', '7', '8']",['8'],3275865819287843,Rafael Cesar Tieppo,Tieppo,"TIEPPO, R. C.;TIEPPO, RAFAEL CESAR;TIEPPO, RAFAEL CÉSAR;R. C. TIEPPO",Cascavel,PR,"Rafael Tieppo possui graduação em Engenharia Agícola pela Universidade Estadual do Oeste do Paraná (2001), mestrado em Engenharia Agrícola pela Universidade Estadual do Oeste do Paraná (2004) e doutorado em Engenharia de Sistemas Agrícolas pela Universidade de São Paulo, ESALQ-USP com período sanduíche na Aarhus University - Dinamarca. Atualmente é professor adjunto da Universidade do Estado de Mato Grosso. Tem experiência na área de Engenharia Agrícola, com ênfase em Otimização Sistemas Agroindustrias, atuando principalmente nos seguintes temas: geoprocessamento e mecanização agrícola.",26-04-2019,Universidade do Estado de Mato Grosso
Ações extensionistas do Projeto Rondon no município de Rondon do Pará: um olhar sobre as ciências dos alimentos,2016,10.5007/1807-0221.2016v13n21p12,Português,Revista de Extensão,B5,1807-0221,"['Diogo Tau Zymberg Tomaszewski', 'Márcio Rezende Ribeiro Soares', 'Nathanael José de Campos', 'Odaléia Telles Marcondes Machado Queiroz', 'Pietro Pizão Gonzalez', 'Rebeca Cristina Ferreira da Silva', 'Samuel de Mello Pinto', 'Thiago Libório Romanelli', 'Vanessa Mendes de Queiroz']","['1', '2', '3', '4', '5', '6', '7', '8', '9']",['8'],5401789813032087,Thiago Libório Romanelli,Romanelli,"ROMANELLI, T. L.;Romanelli, Thiago L.;Romanelli, Thiago Libório;ROMANELLI, THIAGO"" orcid-id=""https://orcid.org/0000-0001-5407-9031",Piracicaba,SP,"Atualmente é Professor Titular do Departamento de Engenharia de Biossistemas, ESALQ/USP. Atua nos temas: Fluxos de Materiais e de Energia em Sistemas de Produção, Sustentabilidade, Análises de Ciclo de Vida e Viabilidade econômica de adoção de tecnologia. É Engenheiro Agrônomo pela Universidade de São Paulo (2000), mestre em Máquinas Agrícolas pela Universidade de São Paulo (2003) e doutor em Recursos Florestais pela Universidade de São Paulo (2007), tendo sido Research Associate do Center for Environmental Policy da University of Florida (2005-2006), Professor Doutor (2008-2013) e Livre Docente em Mecânica e Máquinas Motoras pela Universidade de São Paulo (2013) . Fulbright Scholar - Cátedra de Ciências Agrárias na University of Nebraska/Lincoln (2017).",28-02-2020,Universidade de São Paulo
