PROJ,YEAR_INI,YEAR_FIN,NATUREZA,INTEGRANTES,COORDENA,ID,FULL_NAME,LAST_NAME,CITADO,CITY,STATE,RESUME,UPDATE,OR
Temperatura no perfil do solo utilizando duas densidades de cobertura e solo nu,2000,2005,PESQUISA,"['Rivanildo Dallacort', 'Reinaldo Prandini Ricieri', 'Suedêmio de Lima Silva', 'Estor Gnoatto', 'Eloi Gasparim']","['NAO', 'NAO', 'NAO', 'NAO', 'SIM']",1292986021348016,Rivanildo Dallacort,Dallacort,"DALLACORT, R;DALLACORT, Rivanildo;Dallacort, R.;DALLACORT, R.;DALLACORT;Dallacort;RIVANILDO, DALLACORT",São João,PR,Nao foi possivel extrair o resumo,24-01-2019,1
"Caracterização agroclimática da região de Cascavel - Paraná, aplicada ao cultivo de culturas agrícolas",2000,2002,PESQUISA,"['Rivanildo Dallacort', 'Reinaldo Prandini Ricieri', 'Suedêmio de Lima Silva', 'Wellian Chaves Monteiro Silva']","['NAO', 'NAO', 'NAO', 'SIM']",1292986021348016,Rivanildo Dallacort,Dallacort,"DALLACORT, R;DALLACORT, Rivanildo;Dallacort, R.;DALLACORT, R.;DALLACORT;Dallacort;RIVANILDO, DALLACORT",São João,PR,Nao foi possivel extrair o resumo,24-01-2019,1
Avaliação do desempenho de painéis fotovoltaicos para geração de energia elétrica e bombeamento de água,1999,2004,PESQUISA,"['Rivanildo Dallacort', 'Reinaldo Prandini Ricieri', 'Suedêmio de Lima Silva', 'Estor Gnoatto', 'Evandro Marcos Kolling', 'Samoel Nelson Melegari Souza', 'Yuri Ferruzzi']","['NAO', 'NAO', 'NAO', 'NAO', 'SIM', 'NAO', 'NAO']",1292986021348016,Rivanildo Dallacort,Dallacort,"DALLACORT, R;DALLACORT, Rivanildo;Dallacort, R.;DALLACORT, R.;DALLACORT;Dallacort;RIVANILDO, DALLACORT",São João,PR,Nao foi possivel extrair o resumo,24-01-2019,1
"Modelos numéricos de estimativa da irradiação solar (global, difusa e direta) e comparação da medida monitorada por diferentes instrumentos",2001,2004,PESQUISA,"['Rivanildo Dallacort', 'Reinaldo Prandini Ricieri', 'Suedêmio de Lima Silva', 'Wellian Chaves Monteiro Silva', 'Estor Gnoatto']","['SIM', 'NAO', 'NAO', 'NAO', 'NAO']",1292986021348016,Rivanildo Dallacort,Dallacort,"DALLACORT, R;DALLACORT, Rivanildo;Dallacort, R.;DALLACORT, R.;DALLACORT;Dallacort;RIVANILDO, DALLACORT",São João,PR,Nao foi possivel extrair o resumo,24-01-2019,1
Resistência a compressão do solo-cimento com substituição parcial do cimento Portland por resíduo cerâmico moído,2001,2002,PESQUISA,"['Rivanildo Dallacort', 'Fabio Luiz Willrich', 'Humberto Correa Lima Junior']","['SIM', 'NAO', 'NAO']",1292986021348016,Rivanildo Dallacort,Dallacort,"DALLACORT, R;DALLACORT, Rivanildo;Dallacort, R.;DALLACORT, R.;DALLACORT;Dallacort;RIVANILDO, DALLACORT",São João,PR,Nao foi possivel extrair o resumo,24-01-2019,1
Utilização de águas residuárias na agricultura,2003,2004,PESQUISA,"['Rivanildo Dallacort', 'Frederico Fonseca da Silva', 'Altair Bertonha', 'Paulo Sérgio Lourenço de Freitas']","['NAO', 'SIM', 'NAO', 'NAO']",1292986021348016,Rivanildo Dallacort,Dallacort,"DALLACORT, R;DALLACORT, Rivanildo;Dallacort, R.;DALLACORT, R.;DALLACORT;Dallacort;RIVANILDO, DALLACORT",São João,PR,Nao foi possivel extrair o resumo,24-01-2019,1
Modelo de simulação da produtividade da cultura do feijão para a região de Maringá - PR,2003,2008,PESQUISA,"['Rivanildo Dallacort', 'João Batista Tolentino Junior', 'Rogério Teixeira de Faria', 'Antonio Carlos Andrade Gonçalves', 'Paulo Sérgio Lourenço de Freitas']","['SIM', 'NAO', 'NAO', 'NAO', 'NAO']",1292986021348016,Rivanildo Dallacort,Dallacort,"DALLACORT, R;DALLACORT, Rivanildo;Dallacort, R.;DALLACORT, R.;DALLACORT;Dallacort;RIVANILDO, DALLACORT",São João,PR,Nao foi possivel extrair o resumo,24-01-2019,1
"Determinação das melhores épocas de semeadura antecipada da soja, visando o plantio do milho safrinha, para as regiões de Palotina, Cascavel e Maringá, Estado do Paraná",2004,2008,PESQUISA,"['Rivanildo Dallacort', 'Altair Bertonha', 'Roberto Rezende', 'Rogério Teixeira de Faria', 'Rosilaine Araldi', 'Antonio Carlos Andrade Gonçalves', 'Paulo Sérgio Lourenço de Freitas']","['NAO', 'NAO', 'NAO', 'NAO', 'NAO', 'NAO', 'SIM']",1292986021348016,Rivanildo Dallacort,Dallacort,"DALLACORT, R;DALLACORT, Rivanildo;Dallacort, R.;DALLACORT, R.;DALLACORT;Dallacort;RIVANILDO, DALLACORT",São João,PR,Nao foi possivel extrair o resumo,24-01-2019,1
"Diversificação e ampliação da base produtiva do Estado de Grosso, a partir do zoneamento agrícola da soja, feijão, cana-de-açúcar, girassol, crambe e pinhão-manso",2012,2015,PESQUISA,"['Rivanildo Dallacort', 'Cornélio Alberto Zolin', 'Rafael Cesar Tieppo', 'Miriam Hiroko Inoue', 'Paulo Sérgio Lourenço de Freitas', 'Karolina Ascari de Souza', 'Adalberto Santi']","['SIM', 'NAO', 'NAO', 'NAO', 'NAO', 'NAO', 'NAO']",1292986021348016,Rivanildo Dallacort,Dallacort,"DALLACORT, R;DALLACORT, Rivanildo;Dallacort, R.;DALLACORT, R.;DALLACORT;Dallacort;RIVANILDO, DALLACORT",São João,PR,Nao foi possivel extrair o resumo,24-01-2019,1
Centro Integrado Cerrado de Pesquisa nos Campi de Nova Xavantina e Tangará da Serra,2012,ATUAL,DESENVOLVIMENTO,"['Rivanildo Dallacort', 'Monica Josene Barbosa Pereira', 'Edinéia Aparecida dos Santos Galvanin', 'Agnaldo Rodrigues da Silva', 'Vera Lucia da Rocha Maquea', 'Walnice Aparecida Matos Vilalva', 'Helena Soares Ramos Cabette', 'Eddie Lenza de Oliveira', 'Beatriz Schwantes Marimon', 'Marco Antonio Camillo de Carvalho']","['SIM', 'NAO', 'NAO', 'NAO', 'NAO', 'NAO', 'NAO', 'NAO', 'NAO', 'NAO']",1292986021348016,Rivanildo Dallacort,Dallacort,"DALLACORT, R;DALLACORT, Rivanildo;Dallacort, R.;DALLACORT, R.;DALLACORT;Dallacort;RIVANILDO, DALLACORT",São João,PR,Nao foi possivel extrair o resumo,24-01-2019,1
Aplicação e transferência de tecnologias na otimização de sistemas agrícolas sustentáveis,2010,2017,PESQUISA,"['Rivanildo Dallacort', 'João Cleber Modernel da Silveira', 'Rafael Cesar Tieppo', 'Santino Seabra Junior', 'Maria Cândida Moitinho Nunes', 'Elisangela Clarete Camili', 'Nuno Rodrigo Madeira', 'Antônio Nobre da Silva', 'Decio Mossini Junior', 'Fabricio Schwanz da Silva', 'Sandra Mara Alves da Silva Neves', 'Marco Antonio Camillo de Carvalho', 'Karin Daniely Prestes da Silva', 'Adalberto Santi']","['SIM', 'NAO', 'NAO', 'NAO', 'NAO', 'NAO', 'NAO', 'NAO', 'NAO', 'NAO', 'NAO', 'NAO', 'NAO', 'NAO']",1292986021348016,Rivanildo Dallacort,Dallacort,"DALLACORT, R;DALLACORT, Rivanildo;Dallacort, R.;DALLACORT, R.;DALLACORT;Dallacort;RIVANILDO, DALLACORT",São João,PR,Nao foi possivel extrair o resumo,24-01-2019,1
Influência do Clima no Ambiente: Região de Tangará da Serra,2009,2011,EXTENSAO,"['Rivanildo Dallacort', 'Dionei José da Silva', 'Eliane Ignot']","['SIM', 'NAO', 'NAO']",1292986021348016,Rivanildo Dallacort,Dallacort,"DALLACORT, R;DALLACORT, Rivanildo;Dallacort, R.;DALLACORT, R.;DALLACORT;Dallacort;RIVANILDO, DALLACORT",São João,PR,Nao foi possivel extrair o resumo,24-01-2019,1
Campus a Campo: Ações extensionistas com a agricultura familiar de Tangará da Serra-MT,2013,2016,EXTENSAO,"['Rivanildo Dallacort', 'Monica Josene Barbosa Pereira', 'Raimundo Nonato de França Cunha', 'WILLIAN KRAUSE', 'José Roberto Rambo', 'Samuel Laudelino Silva', 'Idilaine de Fatima Lima', 'Dejânia Vieira de Araújo', 'Adalberto Santi']","['NAO', 'NAO', 'NAO', 'NAO', 'SIM', 'NAO', 'NAO', 'NAO', 'NAO']",1292986021348016,Rivanildo Dallacort,Dallacort,"DALLACORT, R;DALLACORT, Rivanildo;Dallacort, R.;DALLACORT, R.;DALLACORT;Dallacort;RIVANILDO, DALLACORT",São João,PR,Nao foi possivel extrair o resumo,24-01-2019,1
"Avaliação de riscos a saúde dos moradores de Tangará da Serra, devido aos efeitos de alterações climáticas e da microbiota de fungos alérgicos da atmosfera",2007,2010,PESQUISA,"['Rivanildo Dallacort', 'Dionei José da Silva', 'Eliane Ignot', 'Ilio Fealho de Carvalho', 'Ageo Candido Mário da Silva', 'Adalberto Santi']","['SIM', 'NAO', 'NAO', 'NAO', 'NAO', 'NAO']",1292986021348016,Rivanildo Dallacort,Dallacort,"DALLACORT, R;DALLACORT, Rivanildo;Dallacort, R.;DALLACORT, R.;DALLACORT;Dallacort;RIVANILDO, DALLACORT",São João,PR,Nao foi possivel extrair o resumo,24-01-2019,1
Lixiviação e efeito residual de herbicidas utilizados na cultura da cana-de-açúcar no Estado de Mato Grosso,2009,2011,PESQUISA,"['Rivanildo Dallacort', 'Virginia Helena de Azevedo', 'Rubem Silvério de Oliveira Junior', 'Adley Bergson Gonçalves de Abreu', 'Eliana Freire Gaspar de Carvalho Dores', 'Ana Cássia Silva Possamai', 'Miriam Hiroko Inoue']","['SIM', 'NAO', 'NAO', 'NAO', 'NAO', 'NAO', 'NAO']",1292986021348016,Rivanildo Dallacort,Dallacort,"DALLACORT, R;DALLACORT, Rivanildo;Dallacort, R.;DALLACORT, R.;DALLACORT;Dallacort;RIVANILDO, DALLACORT",São João,PR,Nao foi possivel extrair o resumo,24-01-2019,1
Biodisponibilidade e potencial de extração de nutrientes de substratos pelo tomateiro produzido em ambiente protegido,2012,2016,PESQUISA,"['Rivanildo Dallacort', 'Walcylene Lacerda Mattos Pereira Scaramuzza', 'José Fernando Scaramuzza', 'WILLIAN KRAUSE', 'José Roberto Rambo', 'Adalberto Santi']","['NAO', 'NAO', 'NAO', 'NAO', 'NAO', 'SIM']",1292986021348016,Rivanildo Dallacort,Dallacort,"DALLACORT, R;DALLACORT, Rivanildo;Dallacort, R.;DALLACORT, R.;DALLACORT;Dallacort;RIVANILDO, DALLACORT",São João,PR,Nao foi possivel extrair o resumo,24-01-2019,1
"Avaliação da torta de filtro no cultivo da alface em diferentes épocas de semeadura, sob cultivo protegido e céu aberto.",2008,2010,PESQUISA,"['Rivanildo Dallacort', 'Márcio Lustosa Santos', 'Marice Cristina Vendrucullo', 'Dejânia Vieira de Araújo', 'Adalberto Santi']","['NAO', 'NAO', 'NAO', 'NAO', 'SIM']",1292986021348016,Rivanildo Dallacort,Dallacort,"DALLACORT, R;DALLACORT, Rivanildo;Dallacort, R.;DALLACORT, R.;DALLACORT;Dallacort;RIVANILDO, DALLACORT",São João,PR,Nao foi possivel extrair o resumo,24-01-2019,1
Transmissibilidade de Colletotrichum gossypii var. cephalosporioides e Colletotrichum dematium var. truncata associados às sementes de algodão e de soja e o estudo epidemiológico da ramulose e da antracnose em mato grosso.,2008,2012,PESQUISA,"['Rivanildo Dallacort', 'Virginia Helena de Azevedo', 'Elisandra Batista Zambenedetti Magnani', 'Jane Rodrigues de Assis Machado', 'José da Cruz Machado', 'Marcelo de C. Alves', 'Jaqueline A. Pizzato', 'Dejânia Vieira de Araújo']","['NAO', 'NAO', 'NAO', 'NAO', 'NAO', 'NAO', 'NAO', 'SIM']",1292986021348016,Rivanildo Dallacort,Dallacort,"DALLACORT, R;DALLACORT, Rivanildo;Dallacort, R.;DALLACORT, R.;DALLACORT;Dallacort;RIVANILDO, DALLACORT",São João,PR,Nao foi possivel extrair o resumo,24-01-2019,1
Diversificação e ampliação da base produtiva da bacia do Alto Paraguai como estratégia inovadora na otimização dos sistemas agrícolas regionais,2013,2015,PESQUISA,"['Rivanildo Dallacort', 'Rafael Cesar Tieppo', 'Paulo Sérgio Lourenço de Freitas', 'William Fenner', 'Adalberto Santi', 'Cleonir Andrade Faria Júnior']","['SIM', 'NAO', 'NAO', 'NAO', 'NAO', 'NAO']",1292986021348016,Rivanildo Dallacort,Dallacort,"DALLACORT, R;DALLACORT, Rivanildo;Dallacort, R.;DALLACORT, R.;DALLACORT;Dallacort;RIVANILDO, DALLACORT",São João,PR,Nao foi possivel extrair o resumo,24-01-2019,1
Otimização dos recursos hídricos aplicados a culturas agrícolas no Estado de Mato Grosso - Brasil,2015,ATUAL,PESQUISA,"['Rivanildo Dallacort', 'Rafael Cesar Tieppo', 'Santino Seabra Junior', 'Paulo Sérgio Lourenço de Freitas', 'William Fenner', 'Karolina Ascari de Souza', 'Adalberto Santi', 'Cleonir Andrade Faria Júnior', 'MARCO ANTONIO CAMILLO DE CARVALHO', 'André Tavares de Vasconcelos', 'Bianca Nathiele Favetti Chagas', 'Guilherme Bariviera', 'João Danilo Barbieri', 'Raimundo Nonato Cunha de França', 'raquel serrano baldisera', 'Emerson Luiz Hoffmann', 'Daiane Maria Haubricht']","['SIM', 'NAO', 'NAO', 'NAO', 'NAO', 'NAO', 'NAO', 'NAO', 'NAO', 'NAO', 'NAO', 'NAO', 'NAO', 'NAO', 'NAO', 'NAO', 'NAO']",1292986021348016,Rivanildo Dallacort,Dallacort,"DALLACORT, R;DALLACORT, Rivanildo;Dallacort, R.;DALLACORT, R.;DALLACORT;Dallacort;RIVANILDO, DALLACORT",São João,PR,Nao foi possivel extrair o resumo,24-01-2019,1
Variabilidade da temperatura e evaporação da água sob diferentes coberturas de solo e sua influência no Kc dual da cultura do milho,2015,ATUAL,PESQUISA,"['Rivanildo Dallacort', 'Rafael Cesar Tieppo', 'Paulo Sergio Lourenço de Freitas', 'Karolina Ascari de Souza', 'Dejânia Vieira de Araújo', 'Adalberto Santi', 'André Tavares de Vasconcelos', 'Guilherme Bariviera', 'João Danilo Barbieri', 'Alice Medeiros Osti', 'Adelair mendes Conceição', 'Francielle Freitas Vieira']","['SIM', 'NAO', 'NAO', 'NAO', 'NAO', 'NAO', 'NAO', 'NAO', 'NAO', 'NAO', 'NAO', 'NAO']",1292986021348016,Rivanildo Dallacort,Dallacort,"DALLACORT, R;DALLACORT, Rivanildo;Dallacort, R.;DALLACORT, R.;DALLACORT;Dallacort;RIVANILDO, DALLACORT",São João,PR,Nao foi possivel extrair o resumo,24-01-2019,1
Modelo para predição de dias agronomicamente viáveis para operações agrícolas mecanizadas,2017,ATUAL,PESQUISA,"['Rivanildo Dallacort', 'Erivelto Mercante', 'Rafael Cesar Tieppo', 'Adalberto Santi', 'André Tavares de Vasconcelos', 'João Danilo Barbieri', 'Maria Carolina Silva Andrea', 'Thiago Libório Romanelli', 'Emili Ferreira Campachi', 'Julia Gallo Barreto']","['NAO', 'NAO', 'SIM', 'NAO', 'NAO', 'NAO', 'NAO', 'NAO', 'NAO', 'NAO']",1292986021348016,Rivanildo Dallacort,Dallacort,"DALLACORT, R;DALLACORT, Rivanildo;Dallacort, R.;DALLACORT, R.;DALLACORT;Dallacort;RIVANILDO, DALLACORT",São João,PR,Nao foi possivel extrair o resumo,24-01-2019,1
"Rede Floresta (ReFlor): biodiversidade, mudanças climáticas e biotecnologia no Arco do Desmatamento",2017,ATUAL,PESQUISA,"['Rivanildo Dallacort', 'Beatriz Schwantes Marimon', 'MARIMON JUNIOR, BEN HUR', 'Oliver Phillips', 'Yadvinder Malhi', 'Ricardo Keichi Umetsu', 'Emanuel Gloor', 'David Galbraith', 'Maria Antônia Carniello', 'Celice Alexandre Silva']","['NAO', 'NAO', 'SIM', 'NAO', 'NAO', 'NAO', 'NAO', 'NAO', 'NAO', 'NAO']",1292986021348016,Rivanildo Dallacort,Dallacort,"DALLACORT, R;DALLACORT, Rivanildo;Dallacort, R.;DALLACORT, R.;DALLACORT;Dallacort;RIVANILDO, DALLACORT",São João,PR,Nao foi possivel extrair o resumo,24-01-2019,1
Transição Cerrado-Amazônia: bases ecológicas e sócio-ambientais para a conservação (etapa III),2016,ATUAL,PESQUISA,"['Rivanildo Dallacort', 'Beatriz Schwantes Marimon', 'MARIMON JUNIOR, BEN HUR', 'Bruna Martins de Lima', 'Celice Alexandre Silva', 'Mara Silvia Aguiar Abdo', 'Diogo Andrade Costa']","['NAO', 'SIM', 'NAO', 'NAO', 'NAO', 'NAO', 'NAO']",1292986021348016,Rivanildo Dallacort,Dallacort,"DALLACORT, R;DALLACORT, Rivanildo;Dallacort, R.;DALLACORT, R.;DALLACORT;Dallacort;RIVANILDO, DALLACORT",São João,PR,Nao foi possivel extrair o resumo,24-01-2019,1
Projeto de extensão em Engenharia de Sistemas Agrícolas,2016,ATUAL,EXTENSAO,"['Rivanildo Dallacort', 'Rafael Cesar Tieppo', 'Adalberto Santi', 'Ricardo José da Silva']","['NAO', 'SIM', 'NAO', 'NAO']",1292986021348016,Rivanildo Dallacort,Dallacort,"DALLACORT, R;DALLACORT, Rivanildo;Dallacort, R.;DALLACORT, R.;DALLACORT;Dallacort;RIVANILDO, DALLACORT",São João,PR,Nao foi possivel extrair o resumo,24-01-2019,1
Determinação da evapotranspiração potencial e da adaptabilidade edafoclimática da cultura do pinhão manso na região de Tangara da Serra,2007,2009,PESQUISA,"['Rivanildo Dallacort', 'Astor Henrique Nied', 'Marice Cristina Vendrucullo', 'WILLIAN KRAUSE']","['SIM', 'NAO', 'NAO', 'NAO']",1292986021348016,Rivanildo Dallacort,Dallacort,"DALLACORT, R;DALLACORT, Rivanildo;Dallacort, R.;DALLACORT, R.;DALLACORT;Dallacort;RIVANILDO, DALLACORT",São João,PR,Nao foi possivel extrair o resumo,24-01-2019,1
Centro Tecnológico de Geoprocessamento e Sensoriamento Remoto aplicado à produção de Biodiesel - CETEGEO-SR.,2008,ATUAL,PESQUISA,"['Rivanildo Dallacort', 'Edenir Maria Serigatto', 'Edinéia Aparecida dos Santos Galvanin', 'Rafael Cesar Tieppo', 'Dejânia Vieira de Araújo', 'Adalberto Santi', 'Bruna Martins de Lima']","['SIM', 'NAO', 'NAO', 'NAO', 'NAO', 'NAO', 'NAO']",1292986021348016,Rivanildo Dallacort,Dallacort,"DALLACORT, R;DALLACORT, Rivanildo;Dallacort, R.;DALLACORT, R.;DALLACORT;Dallacort;RIVANILDO, DALLACORT",São João,PR,Nao foi possivel extrair o resumo,24-01-2019,1
Caracterização da pluviometria e do potencial erosivo das chuvas de Mato Grosso,2008,2010,PESQUISA,"['Rivanildo Dallacort', 'Cassiano Cremon', 'Carlos Ricardo Fietz', 'Eder Comunello']","['NAO', 'NAO', 'SIM', 'NAO']",1292986021348016,Rivanildo Dallacort,Dallacort,"DALLACORT, R;DALLACORT, Rivanildo;Dallacort, R.;DALLACORT, R.;DALLACORT;Dallacort;RIVANILDO, DALLACORT",São João,PR,Nao foi possivel extrair o resumo,24-01-2019,1
Efeito da profundidadede semeadura de uma semeadora de plantio direto e desenvolvimento inicial de milho (Zea mays L.),2003,2004,PESQUISA,"['Rafael Cesar Tieppo', 'Antonio Gabriel Filho', 'Douglas Guedes Batista Torres', 'João Cleber Modernel da Silveira', 'Arnaldo Baldessin Junior', 'Fabio Boligon']","['NAO', 'SIM', 'NAO', 'NAO', 'NAO', 'NAO']",3275865819287843,Rafael Cesar Tieppo,Tieppo,"TIEPPO, R. C.;TIEPPO, RAFAEL CESAR;TIEPPO, RAFAEL CÉSAR;R. C. TIEPPO",Cascavel,PR,"Rafael Tieppo possui graduação em Engenharia Agícola pela Universidade Estadual do Oeste do Paraná (2001), mestrado em Engenharia Agrícola pela Universidade Estadual do Oeste do Paraná (2004) e doutorado em Engenharia de Sistemas Agrícolas pela Universidade de São Paulo, ESALQ-USP com período sanduíche na Aarhus University - Dinamarca. Atualmente é professor adjunto da Universidade do Estado de Mato Grosso. Tem experiência na área de Engenharia Agrícola, com ênfase em Otimização Sistemas Agroindustrias, atuando principalmente nos seguintes temas: geoprocessamento e mecanização agrícola.",30-11-2018,1
Software para seleção e uso otimizado de sistemas mecanizados agrícolas,1997,2001,PESQUISA,"['Rafael Cesar Tieppo', 'Jerry Adriani Johann', 'Denise Mahl', 'Eduardo Godoy de Souza', 'Carlos Antonio Antes', 'Erivelto Mercante', 'Márcio Furlan Maggi', 'Cindia Sordi', 'Miguel Angel Uribe Opazo', 'Lúcia Helena Pereira Nóbrega', 'Suedêmio de Lima Silva', 'Joaquim Odilon Pereira', 'Claudiane V. Bulcholz', 'Fábio A. da Silva', 'João Luciano Skrock', 'Lenir Mahl', 'José Paulo Molin', 'Edson Feliciano de Oliveira', 'Márcio Antonio Vilas Boas', 'Mônica Sarolli Silva', 'Selma Regina Aranha Ribeiro']","['SIM', 'NAO', 'NAO', 'NAO', 'NAO', 'NAO', 'NAO', 'NAO', 'NAO', 'NAO', 'NAO', 'NAO', 'NAO', 'NAO', 'NAO', 'NAO', 'NAO', 'NAO', 'NAO', 'NAO', 'NAO']",3275865819287843,Rafael Cesar Tieppo,Tieppo,"TIEPPO, R. C.;TIEPPO, RAFAEL CESAR;TIEPPO, RAFAEL CÉSAR;R. C. TIEPPO",Cascavel,PR,"Rafael Tieppo possui graduação em Engenharia Agícola pela Universidade Estadual do Oeste do Paraná (2001), mestrado em Engenharia Agrícola pela Universidade Estadual do Oeste do Paraná (2004) e doutorado em Engenharia de Sistemas Agrícolas pela Universidade de São Paulo, ESALQ-USP com período sanduíche na Aarhus University - Dinamarca. Atualmente é professor adjunto da Universidade do Estado de Mato Grosso. Tem experiência na área de Engenharia Agrícola, com ênfase em Otimização Sistemas Agroindustrias, atuando principalmente nos seguintes temas: geoprocessamento e mecanização agrícola.",30-11-2018,1
Software de planejamento racional de propriedades agrícolas,1997,2001,PESQUISA,"['Rafael Cesar Tieppo', 'Jerry Adriani Johann', 'Denise Mahl', 'Eduardo Godoy de Souza', 'Erivelto Mercante', 'Márcio Furlan Maggi', 'Miguel Angel Uribe Opazo', 'Lúcia Helena Pereira Nóbrega', 'Suedêmio de Lima Silva', 'Joaquim Odilon Pereira', 'Fábio A. da Silva', 'João Luciano Skrock', 'Lenir Mahl', 'José Paulo Molin', 'Edson Feliciano de Oliveira', 'Jansle Vieira Rocha', 'Márcio Antonio Vilas Boas', 'Mônica Sarolli Silva', 'Selma Regina Aranha Ribeiro']","['NAO', 'NAO', 'NAO', 'SIM', 'NAO', 'NAO', 'NAO', 'NAO', 'NAO', 'NAO', 'NAO', 'NAO', 'NAO', 'NAO', 'NAO', 'NAO', 'NAO', 'NAO', 'NAO']",3275865819287843,Rafael Cesar Tieppo,Tieppo,"TIEPPO, R. C.;TIEPPO, RAFAEL CESAR;TIEPPO, RAFAEL CÉSAR;R. C. TIEPPO",Cascavel,PR,"Rafael Tieppo possui graduação em Engenharia Agícola pela Universidade Estadual do Oeste do Paraná (2001), mestrado em Engenharia Agrícola pela Universidade Estadual do Oeste do Paraná (2004) e doutorado em Engenharia de Sistemas Agrícolas pela Universidade de São Paulo, ESALQ-USP com período sanduíche na Aarhus University - Dinamarca. Atualmente é professor adjunto da Universidade do Estado de Mato Grosso. Tem experiência na área de Engenharia Agrícola, com ênfase em Otimização Sistemas Agroindustrias, atuando principalmente nos seguintes temas: geoprocessamento e mecanização agrícola.",30-11-2018,1
Variabilidade espacial dos atributos do solo e da produtividade em uma área de agricultura de precisão,1998,2001,PESQUISA,"['Rafael Cesar Tieppo', 'Jerry Adriani Johann', 'Denise Mahl', 'Eduardo Godoy de Souza', 'Erivelto Mercante', 'Márcio Furlan Maggi', 'Miguel Angel Uribe Opazo', 'Lúcia Helena Pereira Nóbrega', 'Suedêmio de Lima Silva', 'Joaquim Odilon Pereira', 'Fábio A. da Silva', 'João Luciano Skrock', 'Lenir Mahl', 'José Paulo Molin', 'Edson Feliciano de Oliveira', 'Jansle Vieira Rocha', 'Márcio Antonio Vilas Boas', 'Mônica Sarolli Silva', 'Selma Regina Aranha Ribeiro']","['NAO', 'NAO', 'NAO', 'SIM', 'NAO', 'NAO', 'NAO', 'NAO', 'NAO', 'NAO', 'NAO', 'NAO', 'NAO', 'NAO', 'NAO', 'NAO', 'NAO', 'NAO', 'NAO']",3275865819287843,Rafael Cesar Tieppo,Tieppo,"TIEPPO, R. C.;TIEPPO, RAFAEL CESAR;TIEPPO, RAFAEL CÉSAR;R. C. TIEPPO",Cascavel,PR,"Rafael Tieppo possui graduação em Engenharia Agícola pela Universidade Estadual do Oeste do Paraná (2001), mestrado em Engenharia Agrícola pela Universidade Estadual do Oeste do Paraná (2004) e doutorado em Engenharia de Sistemas Agrícolas pela Universidade de São Paulo, ESALQ-USP com período sanduíche na Aarhus University - Dinamarca. Atualmente é professor adjunto da Universidade do Estado de Mato Grosso. Tem experiência na área de Engenharia Agrícola, com ênfase em Otimização Sistemas Agroindustrias, atuando principalmente nos seguintes temas: geoprocessamento e mecanização agrícola.",30-11-2018,1
Métodos Geoestatísticos no estudo da variabilidade espacial de atributos físicos do solo e da produtividade,1999,2001,PESQUISA,"['Rafael Cesar Tieppo', 'Eduardo Godoy de Souza', 'Erivelto Mercante', 'Reny Adilmar Prestes Lopes', 'Miguel Angel Uribe Opazo', 'Lúcia Helena Pereira Nóbrega', 'Edson Feliciano de Oliveira', 'Jansle Vieira Rocha', 'Márcio Antonio Vilas Boas', 'Roberto Cláudio Machado de Souza']","['NAO', 'SIM', 'NAO', 'NAO', 'NAO', 'NAO', 'NAO', 'NAO', 'NAO', 'NAO']",3275865819287843,Rafael Cesar Tieppo,Tieppo,"TIEPPO, R. C.;TIEPPO, RAFAEL CESAR;TIEPPO, RAFAEL CÉSAR;R. C. TIEPPO",Cascavel,PR,"Rafael Tieppo possui graduação em Engenharia Agícola pela Universidade Estadual do Oeste do Paraná (2001), mestrado em Engenharia Agrícola pela Universidade Estadual do Oeste do Paraná (2004) e doutorado em Engenharia de Sistemas Agrícolas pela Universidade de São Paulo, ESALQ-USP com período sanduíche na Aarhus University - Dinamarca. Atualmente é professor adjunto da Universidade do Estado de Mato Grosso. Tem experiência na área de Engenharia Agrícola, com ênfase em Otimização Sistemas Agroindustrias, atuando principalmente nos seguintes temas: geoprocessamento e mecanização agrícola.",30-11-2018,1
Desenvolvimento de um penetrômetro eletrônico e elaboração de mapas temáticos de resisttência a penetração e compactação de latossolo bruno utilizando um sistema de posicionamento global,2002,2004,PESQUISA,"['Rafael Cesar Tieppo', 'Antonio Gabriel Filho', 'Suedêmio de Lima Silva', 'João Cleber Modernel da Silveira']","['NAO', 'SIM', 'NAO', 'NAO']",3275865819287843,Rafael Cesar Tieppo,Tieppo,"TIEPPO, R. C.;TIEPPO, RAFAEL CESAR;TIEPPO, RAFAEL CÉSAR;R. C. TIEPPO",Cascavel,PR,"Rafael Tieppo possui graduação em Engenharia Agícola pela Universidade Estadual do Oeste do Paraná (2001), mestrado em Engenharia Agrícola pela Universidade Estadual do Oeste do Paraná (2004) e doutorado em Engenharia de Sistemas Agrícolas pela Universidade de São Paulo, ESALQ-USP com período sanduíche na Aarhus University - Dinamarca. Atualmente é professor adjunto da Universidade do Estado de Mato Grosso. Tem experiência na área de Engenharia Agrícola, com ênfase em Otimização Sistemas Agroindustrias, atuando principalmente nos seguintes temas: geoprocessamento e mecanização agrícola.",30-11-2018,1
Demanda energética de uma semeadora de plantio direto e desenvolvimento de milho (Zea mays L.) em função da velocidade de deslocamento e profundidade semeadura,2003,2004,PESQUISA,"['Rafael Cesar Tieppo', 'Antonio Gabriel Filho', 'Douglas Guedes Batista Torres', 'João Cleber Modernel da Silveira', 'Arnaldo Baldessin Junior', 'Fabio Boligon', 'Deonir Secco']","['NAO', 'SIM', 'NAO', 'NAO', 'NAO', 'NAO', 'NAO']",3275865819287843,Rafael Cesar Tieppo,Tieppo,"TIEPPO, R. C.;TIEPPO, RAFAEL CESAR;TIEPPO, RAFAEL CÉSAR;R. C. TIEPPO",Cascavel,PR,"Rafael Tieppo possui graduação em Engenharia Agícola pela Universidade Estadual do Oeste do Paraná (2001), mestrado em Engenharia Agrícola pela Universidade Estadual do Oeste do Paraná (2004) e doutorado em Engenharia de Sistemas Agrícolas pela Universidade de São Paulo, ESALQ-USP com período sanduíche na Aarhus University - Dinamarca. Atualmente é professor adjunto da Universidade do Estado de Mato Grosso. Tem experiência na área de Engenharia Agrícola, com ênfase em Otimização Sistemas Agroindustrias, atuando principalmente nos seguintes temas: geoprocessamento e mecanização agrícola.",30-11-2018,1
"Determinação do Intervalo Hídrico Ótimo (IHO) em um Latossolo sob vegetação nativa, pastagem e cana-de-açúcar, na região sudoeste do Mato Grosso",2008,2008,PESQUISA,"['Rafael Cesar Tieppo', 'CASSIANO CREMON']","['NAO', 'SIM']",3275865819287843,Rafael Cesar Tieppo,Tieppo,"TIEPPO, R. C.;TIEPPO, RAFAEL CESAR;TIEPPO, RAFAEL CÉSAR;R. C. TIEPPO",Cascavel,PR,"Rafael Tieppo possui graduação em Engenharia Agícola pela Universidade Estadual do Oeste do Paraná (2001), mestrado em Engenharia Agrícola pela Universidade Estadual do Oeste do Paraná (2004) e doutorado em Engenharia de Sistemas Agrícolas pela Universidade de São Paulo, ESALQ-USP com período sanduíche na Aarhus University - Dinamarca. Atualmente é professor adjunto da Universidade do Estado de Mato Grosso. Tem experiência na área de Engenharia Agrícola, com ênfase em Otimização Sistemas Agroindustrias, atuando principalmente nos seguintes temas: geoprocessamento e mecanização agrícola.",30-11-2018,1
Demanda Energetica eViabilidade Tecnica-Economica de Implantação deEnergia Solar para o Processo de Industrialização de Mel de Abelha para a Região De Cáceres/MT,2009,2011,PESQUISA,"['Rafael Cesar Tieppo', 'Luís César da Silva', 'Edney Alves Magalhães']","['SIM', 'NAO', 'NAO']",3275865819287843,Rafael Cesar Tieppo,Tieppo,"TIEPPO, R. C.;TIEPPO, RAFAEL CESAR;TIEPPO, RAFAEL CÉSAR;R. C. TIEPPO",Cascavel,PR,"Rafael Tieppo possui graduação em Engenharia Agícola pela Universidade Estadual do Oeste do Paraná (2001), mestrado em Engenharia Agrícola pela Universidade Estadual do Oeste do Paraná (2004) e doutorado em Engenharia de Sistemas Agrícolas pela Universidade de São Paulo, ESALQ-USP com período sanduíche na Aarhus University - Dinamarca. Atualmente é professor adjunto da Universidade do Estado de Mato Grosso. Tem experiência na área de Engenharia Agrícola, com ênfase em Otimização Sistemas Agroindustrias, atuando principalmente nos seguintes temas: geoprocessamento e mecanização agrícola.",30-11-2018,1
CETEGEO-SR - Centro Tecnológico de Geoprocessamento e Sensoriamento Remoto aplicado à produção de Biodiesel,2010,ATUAL,PESQUISA,"['Rafael Cesar Tieppo', 'Rivanildo Dallacort']","['SIM', 'NAO']",3275865819287843,Rafael Cesar Tieppo,Tieppo,"TIEPPO, R. C.;TIEPPO, RAFAEL CESAR;TIEPPO, RAFAEL CÉSAR;R. C. TIEPPO",Cascavel,PR,"Rafael Tieppo possui graduação em Engenharia Agícola pela Universidade Estadual do Oeste do Paraná (2001), mestrado em Engenharia Agrícola pela Universidade Estadual do Oeste do Paraná (2004) e doutorado em Engenharia de Sistemas Agrícolas pela Universidade de São Paulo, ESALQ-USP com período sanduíche na Aarhus University - Dinamarca. Atualmente é professor adjunto da Universidade do Estado de Mato Grosso. Tem experiência na área de Engenharia Agrícola, com ênfase em Otimização Sistemas Agroindustrias, atuando principalmente nos seguintes temas: geoprocessamento e mecanização agrícola.",30-11-2018,1
Otimização do sistema lavoura pecuária na região de Cáceres:,2007,2011,EXTENSAO,"['Rafael Cesar Tieppo', 'Petterson Baptista da Luz', 'Severino de Paiva Sobrinho', 'Zulema Netto Figueiredo', 'Marco Antonio Aparecido Barelli', 'Leonarda Grillo Neves']","['NAO', 'NAO', 'NAO', 'SIM', 'NAO', 'NAO']",3275865819287843,Rafael Cesar Tieppo,Tieppo,"TIEPPO, R. C.;TIEPPO, RAFAEL CESAR;TIEPPO, RAFAEL CÉSAR;R. C. TIEPPO",Cascavel,PR,"Rafael Tieppo possui graduação em Engenharia Agícola pela Universidade Estadual do Oeste do Paraná (2001), mestrado em Engenharia Agrícola pela Universidade Estadual do Oeste do Paraná (2004) e doutorado em Engenharia de Sistemas Agrícolas pela Universidade de São Paulo, ESALQ-USP com período sanduíche na Aarhus University - Dinamarca. Atualmente é professor adjunto da Universidade do Estado de Mato Grosso. Tem experiência na área de Engenharia Agrícola, com ênfase em Otimização Sistemas Agroindustrias, atuando principalmente nos seguintes temas: geoprocessamento e mecanização agrícola.",30-11-2018,1
Aplicação e transferência de tecnologias na otimização de sistemas agrícolas sustentáveis,2011,ATUAL,PESQUISA,"['Rafael Cesar Tieppo', 'Maria Cândida Moitinho Nunes', 'Santino Seabra Júnior', 'Rivanildo Dallacort', 'Adalberto Santi']","['NAO', 'NAO', 'NAO', 'SIM', 'NAO']",3275865819287843,Rafael Cesar Tieppo,Tieppo,"TIEPPO, R. C.;TIEPPO, RAFAEL CESAR;TIEPPO, RAFAEL CÉSAR;R. C. TIEPPO",Cascavel,PR,"Rafael Tieppo possui graduação em Engenharia Agícola pela Universidade Estadual do Oeste do Paraná (2001), mestrado em Engenharia Agrícola pela Universidade Estadual do Oeste do Paraná (2004) e doutorado em Engenharia de Sistemas Agrícolas pela Universidade de São Paulo, ESALQ-USP com período sanduíche na Aarhus University - Dinamarca. Atualmente é professor adjunto da Universidade do Estado de Mato Grosso. Tem experiência na área de Engenharia Agrícola, com ênfase em Otimização Sistemas Agroindustrias, atuando principalmente nos seguintes temas: geoprocessamento e mecanização agrícola.",30-11-2018,1
"Diversificação e ampliação da base produtiva do Estado de Grosso, a partir do zoneamento agrícola da soja, feijão, cana-de-açúcar, girassol, crambe e pinhão-manso",2012,2014,PESQUISA,"['Rafael Cesar Tieppo', 'Rivanildo Dallacort', 'Adalberto Santi', 'MIRIAM H. INOUE', 'Alberto Zolin Cornélio', 'Paulo Sérgio Lourenço de Freitas', 'Karolina Ascari de Souza']","['NAO', 'SIM', 'NAO', 'NAO', 'NAO', 'NAO', 'NAO']",3275865819287843,Rafael Cesar Tieppo,Tieppo,"TIEPPO, R. C.;TIEPPO, RAFAEL CESAR;TIEPPO, RAFAEL CÉSAR;R. C. TIEPPO",Cascavel,PR,"Rafael Tieppo possui graduação em Engenharia Agícola pela Universidade Estadual do Oeste do Paraná (2001), mestrado em Engenharia Agrícola pela Universidade Estadual do Oeste do Paraná (2004) e doutorado em Engenharia de Sistemas Agrícolas pela Universidade de São Paulo, ESALQ-USP com período sanduíche na Aarhus University - Dinamarca. Atualmente é professor adjunto da Universidade do Estado de Mato Grosso. Tem experiência na área de Engenharia Agrícola, com ênfase em Otimização Sistemas Agroindustrias, atuando principalmente nos seguintes temas: geoprocessamento e mecanização agrícola.",30-11-2018,1
Diversificação e ampliação da base produtiva da bacia do Alto Paraguai como estratégia inovadora na otimização dos sistemas agrícolas regionais,2013,2016,PESQUISA,"['Rafael Cesar Tieppo', 'Rivanildo Dallacort', 'Adalberto Santi', 'Ronicely Pereira da Rocha', 'Márcio Osvaldo Magalhães', 'Rony Bert de Oliveira']","['NAO', 'SIM', 'NAO', 'NAO', 'NAO', 'NAO']",3275865819287843,Rafael Cesar Tieppo,Tieppo,"TIEPPO, R. C.;TIEPPO, RAFAEL CESAR;TIEPPO, RAFAEL CÉSAR;R. C. TIEPPO",Cascavel,PR,"Rafael Tieppo possui graduação em Engenharia Agícola pela Universidade Estadual do Oeste do Paraná (2001), mestrado em Engenharia Agrícola pela Universidade Estadual do Oeste do Paraná (2004) e doutorado em Engenharia de Sistemas Agrícolas pela Universidade de São Paulo, ESALQ-USP com período sanduíche na Aarhus University - Dinamarca. Atualmente é professor adjunto da Universidade do Estado de Mato Grosso. Tem experiência na área de Engenharia Agrícola, com ênfase em Otimização Sistemas Agroindustrias, atuando principalmente nos seguintes temas: geoprocessamento e mecanização agrícola.",30-11-2018,1
Otimização dos recursos hídricos aplicados a culturas agrícolas no Estado de Mato Grosso - Brasil,2015,ATUAL,PESQUISA,"['Rafael Cesar Tieppo', 'Santino Seabra Júnior', 'Rivanildo Dallacort', 'Adalberto Santi', 'Cleonir Andrade Faria Júnior', 'Willian Fenner', 'João Danilo Barbieri', 'Karolina Ascari de Souza', 'Marco Antônio Camilo de Carvalho']","['NAO', 'NAO', 'SIM', 'NAO', 'NAO', 'NAO', 'NAO', 'NAO', 'NAO']",3275865819287843,Rafael Cesar Tieppo,Tieppo,"TIEPPO, R. C.;TIEPPO, RAFAEL CESAR;TIEPPO, RAFAEL CÉSAR;R. C. TIEPPO",Cascavel,PR,"Rafael Tieppo possui graduação em Engenharia Agícola pela Universidade Estadual do Oeste do Paraná (2001), mestrado em Engenharia Agrícola pela Universidade Estadual do Oeste do Paraná (2004) e doutorado em Engenharia de Sistemas Agrícolas pela Universidade de São Paulo, ESALQ-USP com período sanduíche na Aarhus University - Dinamarca. Atualmente é professor adjunto da Universidade do Estado de Mato Grosso. Tem experiência na área de Engenharia Agrícola, com ênfase em Otimização Sistemas Agroindustrias, atuando principalmente nos seguintes temas: geoprocessamento e mecanização agrícola.",30-11-2018,1
Variabilidade da temperatura e evaporação da água sob diferentes coberturas de solo e sua influência no Kc dual da cultura do milho,2015,ATUAL,PESQUISA,"['Rafael Cesar Tieppo', 'Santino Seabra Júnior', 'Rivanildo Dallacort', 'Cleonir Andrade Faria Júnior', 'SANTI, ADALBERTO', 'João Danilo Barbieri', 'Ronicely Pereira da Rocha', 'Dejânia Vieira de Araújo', 'Anísio da Silva Nunes', 'Paulo Sérgio Lourenço de Freitas', 'Karolina Ascari de Souza', 'Márcio Osvaldo Magalhães', 'Marco Antônio Camilo de Carvalho', 'Olaurildes Correntes']","['NAO', 'NAO', 'SIM', 'NAO', 'NAO', 'NAO', 'NAO', 'NAO', 'NAO', 'NAO', 'NAO', 'NAO', 'NAO', 'NAO']",3275865819287843,Rafael Cesar Tieppo,Tieppo,"TIEPPO, R. C.;TIEPPO, RAFAEL CESAR;TIEPPO, RAFAEL CÉSAR;R. C. TIEPPO",Cascavel,PR,"Rafael Tieppo possui graduação em Engenharia Agícola pela Universidade Estadual do Oeste do Paraná (2001), mestrado em Engenharia Agrícola pela Universidade Estadual do Oeste do Paraná (2004) e doutorado em Engenharia de Sistemas Agrícolas pela Universidade de São Paulo, ESALQ-USP com período sanduíche na Aarhus University - Dinamarca. Atualmente é professor adjunto da Universidade do Estado de Mato Grosso. Tem experiência na área de Engenharia Agrícola, com ênfase em Otimização Sistemas Agroindustrias, atuando principalmente nos seguintes temas: geoprocessamento e mecanização agrícola.",30-11-2018,1
Projeto de extensão em Engenharia de Sistemas Agrícolas,2016,2018,EXTENSAO,"['Rafael Cesar Tieppo', 'Rivanildo Dallacort', 'Adalberto Santi', 'Ricardo José da Silva']","['SIM', 'NAO', 'NAO', 'NAO']",3275865819287843,Rafael Cesar Tieppo,Tieppo,"TIEPPO, R. C.;TIEPPO, RAFAEL CESAR;TIEPPO, RAFAEL CÉSAR;R. C. TIEPPO",Cascavel,PR,"Rafael Tieppo possui graduação em Engenharia Agícola pela Universidade Estadual do Oeste do Paraná (2001), mestrado em Engenharia Agrícola pela Universidade Estadual do Oeste do Paraná (2004) e doutorado em Engenharia de Sistemas Agrícolas pela Universidade de São Paulo, ESALQ-USP com período sanduíche na Aarhus University - Dinamarca. Atualmente é professor adjunto da Universidade do Estado de Mato Grosso. Tem experiência na área de Engenharia Agrícola, com ênfase em Otimização Sistemas Agroindustrias, atuando principalmente nos seguintes temas: geoprocessamento e mecanização agrícola.",30-11-2018,1
Modelo para predição de dias agronomicamente viáveis para operações agrícolas mecanizadas,2017,ATUAL,PESQUISA,"['Rafael Cesar Tieppo', 'Erivelto Mercante', 'Adalberto Santi', 'ROMANELLI, THIAGO L.', 'Maria Carolina Silva Andrea', 'Rivanildo Dallacort', 'João Danilo Barbieri', 'André Tavares de Vasconcelos', 'Emili Ferreira Campachi', 'Julia Gallo Barreto']","['SIM', 'NAO', 'NAO', 'NAO', 'NAO', 'NAO', 'NAO', 'NAO', 'NAO', 'NAO']",3275865819287843,Rafael Cesar Tieppo,Tieppo,"TIEPPO, R. C.;TIEPPO, RAFAEL CESAR;TIEPPO, RAFAEL CÉSAR;R. C. TIEPPO",Cascavel,PR,"Rafael Tieppo possui graduação em Engenharia Agícola pela Universidade Estadual do Oeste do Paraná (2001), mestrado em Engenharia Agrícola pela Universidade Estadual do Oeste do Paraná (2004) e doutorado em Engenharia de Sistemas Agrícolas pela Universidade de São Paulo, ESALQ-USP com período sanduíche na Aarhus University - Dinamarca. Atualmente é professor adjunto da Universidade do Estado de Mato Grosso. Tem experiência na área de Engenharia Agrícola, com ênfase em Otimização Sistemas Agroindustrias, atuando principalmente nos seguintes temas: geoprocessamento e mecanização agrícola.",30-11-2018,1
Geotecnologias aplicadas à mudanças climáticas e agricultura digital - GEOCLIMAT-MT,2018,ATUAL,EXTENSAO,"['Rafael Cesar Tieppo', 'MORAES DIAS, VANESSA RAKEL', 'Rivanildo Dallacort', 'Wini da Rocha Clarindo']","['SIM', 'NAO', 'NAO', 'NAO']",3275865819287843,Rafael Cesar Tieppo,Tieppo,"TIEPPO, R. C.;TIEPPO, RAFAEL CESAR;TIEPPO, RAFAEL CÉSAR;R. C. TIEPPO",Cascavel,PR,"Rafael Tieppo possui graduação em Engenharia Agícola pela Universidade Estadual do Oeste do Paraná (2001), mestrado em Engenharia Agrícola pela Universidade Estadual do Oeste do Paraná (2004) e doutorado em Engenharia de Sistemas Agrícolas pela Universidade de São Paulo, ESALQ-USP com período sanduíche na Aarhus University - Dinamarca. Atualmente é professor adjunto da Universidade do Estado de Mato Grosso. Tem experiência na área de Engenharia Agrícola, com ênfase em Otimização Sistemas Agroindustrias, atuando principalmente nos seguintes temas: geoprocessamento e mecanização agrícola.",30-11-2018,1
Incorporação de energia no ciclo de vida de máquinas agrícolas,2015,ATUAL,PESQUISA,"['Rafael Cesar Tieppo', 'ROMANELLI, THIAGO L.', 'Leandro Maria Gimenez', 'Edemilson José Mantoam']","['NAO', 'SIM', 'NAO', 'NAO']",3275865819287843,Rafael Cesar Tieppo,Tieppo,"TIEPPO, R. C.;TIEPPO, RAFAEL CESAR;TIEPPO, RAFAEL CÉSAR;R. C. TIEPPO",Cascavel,PR,"Rafael Tieppo possui graduação em Engenharia Agícola pela Universidade Estadual do Oeste do Paraná (2001), mestrado em Engenharia Agrícola pela Universidade Estadual do Oeste do Paraná (2004) e doutorado em Engenharia de Sistemas Agrícolas pela Universidade de São Paulo, ESALQ-USP com período sanduíche na Aarhus University - Dinamarca. Atualmente é professor adjunto da Universidade do Estado de Mato Grosso. Tem experiência na área de Engenharia Agrícola, com ênfase em Otimização Sistemas Agroindustrias, atuando principalmente nos seguintes temas: geoprocessamento e mecanização agrícola.",30-11-2018,1
Fluxos de Energia e Custo Operacional de Sistemas Mecanizados na Produção de Grãos,2012,2015,PESQUISA,"['Rafael Cesar Tieppo', 'ROMANELLI, THIAGO L.']","['SIM', 'NAO']",3275865819287843,Rafael Cesar Tieppo,Tieppo,"TIEPPO, R. C.;TIEPPO, RAFAEL CESAR;TIEPPO, RAFAEL CÉSAR;R. C. TIEPPO",Cascavel,PR,"Rafael Tieppo possui graduação em Engenharia Agícola pela Universidade Estadual do Oeste do Paraná (2001), mestrado em Engenharia Agrícola pela Universidade Estadual do Oeste do Paraná (2004) e doutorado em Engenharia de Sistemas Agrícolas pela Universidade de São Paulo, ESALQ-USP com período sanduíche na Aarhus University - Dinamarca. Atualmente é professor adjunto da Universidade do Estado de Mato Grosso. Tem experiência na área de Engenharia Agrícola, com ênfase em Otimização Sistemas Agroindustrias, atuando principalmente nos seguintes temas: geoprocessamento e mecanização agrícola.",30-11-2018,1
"XVI SEAGRO - Semana acadêmica da agronomia ¨Cultura, segurança alimentar e extensão rural: a compreensão da conjuntura para",2003,2003,OUTRA,"['José Roberto Rambo', 'JOSÉ MARCOS FROEHLICH', 'ANDREIA NUNES SA BRITO', 'LEANDRO DALBIANCO', 'LUCIANO ROZALINO', 'PAULO LUIS GUTH', 'ROGERIO PIETRZACKA', 'JULIANO DALCIN MARTINS', 'ALEXANDRE MARTINS GUIMARÃES', 'ALEXANDRE TEN CATEN', 'CARLOS ALBERTO CASALI', 'CARLOS EVANDRO LEITE RITTER', 'ELVIO IZAIAS DA SILVA', 'EMERSON DALLA CHIEZA', 'IGOR DE BEARZI', 'JONES SIMON', 'MARCELO JAKOBY', 'MARCOS ROBERTO DIEHL', 'GERUSA PAULI KIST', 'LUÍS RENATO JASNIEWICZ', 'ALINE FRANKEN', 'ANDRE CARLOS CRUZ COPETTI', 'DEBORA DA CUNHA MOSTARDEIRO', 'ITALO LUDKE', 'JULIANO RICARDO FARIAS', 'RICARDO BATISTA CEREZER DELLAMEA', 'VINICIUS PICCIN DALBIANCO', 'CARLA DANIELE SAUSEN']","['NAO', 'SIM', 'NAO', 'NAO', 'NAO', 'NAO', 'NAO', 'NAO', 'NAO', 'NAO', 'NAO', 'NAO', 'NAO', 'NAO', 'NAO', 'NAO', 'NAO', 'NAO', 'NAO', 'NAO', 'NAO', 'NAO', 'NAO', 'NAO', 'NAO', 'NAO', 'NAO', 'NAO']",8190371175828378,José Roberto Rambo,Rambo,"RAMBO, J. R.;RAMBO, JOSÉ ROBERTO",Pirapó,RS,Nao foi possivel extrair o resumo,21-02-2019,1
A GESTÃO DO RECURSOS NATURAIS PRODUTIVOS: O AGRONOMO COMO AGENTE DE DESENVOLVIMENTO.,2004,2004,OUTRA,"['José Roberto Rambo', 'JOSÉ MARCOS FROEHLICH', 'ANDREIA NUNES SA BRITO', 'LEANDRO DALBIANCO', 'LUCIANO ROZALINO', 'MARCOS PAULO LUDWIG', 'PAULO LUIS GUTH', 'ROGERIO PIETRZACKA', 'LEANDRO PRADO RIBEIRO', 'JULIANO DALCIN MARTINS', 'ALESSANDRO SAMUEL ROSA', 'JOSE CARLOS CAZAROTTO MADALOZ', 'MAURICIO BIGOLIN', 'MIKE ESTEBAN GUZMAN TORRES']","['NAO', 'SIM', 'NAO', 'NAO', 'NAO', 'NAO', 'NAO', 'NAO', 'NAO', 'NAO', 'NAO', 'NAO', 'NAO', 'NAO']",8190371175828378,José Roberto Rambo,Rambo,"RAMBO, J. R.;RAMBO, JOSÉ ROBERTO",Pirapó,RS,Nao foi possivel extrair o resumo,21-02-2019,1
AÇÕES INTEGRADAS EM EDUCAÇÃO AMBIENTAL E COMBATE A POBREZA EM PEQUENA PROPRIEDADES NA MICROBACIA HIDROGRÁFICA DO ARROIO LIN,2001,2001,EXTENSAO,"['José Roberto Rambo', 'Danilo Rheinheimer dos Santos', 'José Miguel Reichert', 'Marcelo Fornalski Soares', 'Sinval Ledur Kist', 'Celso Silva Gonçalves', 'Émerson Varlei Wohlenberg', 'João Batista Rossetto Pellegrini', 'Rodrigo Siqueira Machado', 'José Maria de Freitas Beskow', 'Alister Gaspareto']","['NAO', 'SIM', 'NAO', 'NAO', 'NAO', 'NAO', 'NAO', 'NAO', 'NAO', 'NAO', 'NAO']",8190371175828378,José Roberto Rambo,Rambo,"RAMBO, J. R.;RAMBO, JOSÉ ROBERTO",Pirapó,RS,Nao foi possivel extrair o resumo,21-02-2019,1
Formação extracurricular dos estudantes de agronomia,2002,2003,OUTRA,"['José Roberto Rambo', 'ANDREIA NUNES SA BRITO', 'LEANDRO DALBIANCO', 'THOMÉ LOVATO', 'ALEXANDRE MARTINS GUIMARÃES', 'ALEXANDRE TEN CATEN', 'CARLOS ALBERTO CASALI', 'CARLOS EVANDRO LEITE RITTER', 'ELVIO IZAIAS DA SILVA', 'EMERSON DALLA CHIEZA', 'IGOR DE BEARZI', 'JONES SIMON', 'MARCELO JAKOBY', 'MARCOS ROBERTO DIEHL', 'PAULO ROBERTO DULLIUS']","['NAO', 'NAO', 'NAO', 'SIM', 'NAO', 'NAO', 'NAO', 'NAO', 'NAO', 'NAO', 'NAO', 'NAO', 'NAO', 'NAO', 'NAO']",8190371175828378,José Roberto Rambo,Rambo,"RAMBO, J. R.;RAMBO, JOSÉ ROBERTO",Pirapó,RS,Nao foi possivel extrair o resumo,21-02-2019,1
Semana da calourada do curso de Agronomia,2003,2005,OUTRA,"['José Roberto Rambo', 'ANDREIA NUNES SA BRITO', 'LEANDRO DALBIANCO', 'THOMÉ LOVATO', 'ALEXANDRE MARTINS GUIMARÃES', 'ALEXANDRE TEN CATEN', 'CARLOS ALBERTO CASALI', 'CARLOS EVANDRO LEITE RITTER', 'ELVIO IZAIAS DA SILVA', 'EMERSON DALLA CHIEZA', 'IGOR DE BEARZI', 'JONES SIMON', 'MARCELO JAKOBY', 'MARCOS ROBERTO DIEHL', 'PAULO ROBERTO DULLIUS']","['NAO', 'NAO', 'NAO', 'SIM', 'NAO', 'NAO', 'NAO', 'NAO', 'NAO', 'NAO', 'NAO', 'NAO', 'NAO', 'NAO', 'NAO']",8190371175828378,José Roberto Rambo,Rambo,"RAMBO, J. R.;RAMBO, JOSÉ ROBERTO",Pirapó,RS,Nao foi possivel extrair o resumo,21-02-2019,1
PROJETO PILOTO DE ASSISTÊNCIA TÉCNICA PLANIFICADA AOS ASSENTAMENTOS DE REFORMA AGRÁRIA E AGRICULTORES FAMILIARES,2005,2006,EXTENSAO,"['José Roberto Rambo', 'JOSÉ MARCOS FROEHLICH', 'MARCELO JAKOBY', 'PEDRO SELVINO NEUMANN', 'MARCO AZAMBUZA ALVES', 'JACIR JOÃO CHIES']","['NAO', 'NAO', 'NAO', 'SIM', 'NAO', 'NAO']",8190371175828378,José Roberto Rambo,Rambo,"RAMBO, J. R.;RAMBO, JOSÉ ROBERTO",Pirapó,RS,Nao foi possivel extrair o resumo,21-02-2019,1
Reflexos da Formação Profissional: Tecnologia Sustentável e o Papel Social da Terra - XV SEAGRO Semana Acadêmica da Agronomia,2002,2002,OUTRA,"['José Roberto Rambo', 'JUAREZ MORBINI LOPES', 'GERUSA PAULI KIST', 'LEOCIR JORGE ZORTÉA', 'ADRIANO RUDI MAIXNER', 'LUÍS RENATO JASNIEWICZ', 'MARTA GRELLMANN', 'RAFAEL VIVIAN', 'SAMUEL ROGGIA']","['NAO', 'SIM', 'NAO', 'NAO', 'NAO', 'NAO', 'NAO', 'NAO', 'NAO']",8190371175828378,José Roberto Rambo,Rambo,"RAMBO, J. R.;RAMBO, JOSÉ ROBERTO",Pirapó,RS,Nao foi possivel extrair o resumo,21-02-2019,1
Programa Agronomia no Campo: a agroecologia e a cultura cabocla em questão.,2007,2007,EXTENSAO,"['José Roberto Rambo', 'Gilmar Laforga', 'Astor Henrique Nied']","['NAO', 'SIM', 'NAO']",8190371175828378,José Roberto Rambo,Rambo,"RAMBO, J. R.;RAMBO, JOSÉ ROBERTO",Pirapó,RS,Nao foi possivel extrair o resumo,21-02-2019,1
Agronomia em Boletins Técnicos,2009,2011,EXTENSAO,"['José Roberto Rambo', 'Astor Henrique Nied', 'Rivanildo Dallacort', 'Suzana Pereira de Melo']","['NAO', 'SIM', 'NAO', 'NAO']",8190371175828378,José Roberto Rambo,Rambo,"RAMBO, J. R.;RAMBO, JOSÉ ROBERTO",Pirapó,RS,Nao foi possivel extrair o resumo,21-02-2019,1
Utilização de Plantas Medicinais na Comunidade de Tangará da Serra,2009,2011,EXTENSAO,"['José Roberto Rambo', 'Suzana Pereira de Melo', 'Marice Cristine Vendruscolo']","['NAO', 'NAO', 'SIM']",8190371175828378,José Roberto Rambo,Rambo,"RAMBO, J. R.;RAMBO, JOSÉ ROBERTO",Pirapó,RS,Nao foi possivel extrair o resumo,21-02-2019,1
Agronomia na Prática: Política de Extensão Rural para Agricultores Familiares do Assentamento Vale do Sol 2 em Tangará da Serra - MT,2010,2013,EXTENSAO,"['José Roberto Rambo', 'Willian Krause', 'Adalberto Santi', 'Fernando Giovanetti de Macedo', 'Rogério Gonçalves Lacerda de Gouveia']","['SIM', 'NAO', 'NAO', 'NAO', 'NAO']",8190371175828378,José Roberto Rambo,Rambo,"RAMBO, J. R.;RAMBO, JOSÉ ROBERTO",Pirapó,RS,Nao foi possivel extrair o resumo,21-02-2019,1
Programa de Aquisição de Alimentos em Tangará da Serra - MT: Assistência Técnica e Extensão Rural,2011,2013,EXTENSAO,"['José Roberto Rambo', 'Willian Krause', 'Adalberto Santi']","['SIM', 'NAO', 'NAO']",8190371175828378,José Roberto Rambo,Rambo,"RAMBO, J. R.;RAMBO, JOSÉ ROBERTO",Pirapó,RS,Nao foi possivel extrair o resumo,21-02-2019,1
"Formação de Agentes de ATER em Manejo Ecológico e Conservação dos Solos e da Água na Fronteira Oeste de Mato Grosso, Polo Pontes e Lacerda/MT",2011,2011,EXTENSAO,"['José Roberto Rambo', 'Samuel Laudelino Silva', 'Edson Eguchi']","['NAO', 'SIM', 'NAO']",8190371175828378,José Roberto Rambo,Rambo,"RAMBO, J. R.;RAMBO, JOSÉ ROBERTO",Pirapó,RS,Nao foi possivel extrair o resumo,21-02-2019,1
Biodisponibilidade e Potencial de Extração de Nutrientes de Substratos pelo Tomateiro Produzido em Ambiente Protegido,2012,2014,PESQUISA,"['José Roberto Rambo', 'Rivanildo Dallacort', 'Adalberto Santi']","['NAO', 'NAO', 'SIM']",8190371175828378,José Roberto Rambo,Rambo,"RAMBO, J. R.;RAMBO, JOSÉ ROBERTO",Pirapó,RS,Nao foi possivel extrair o resumo,21-02-2019,1
Fruticultura on-line: canal de comunicação com fruticultores de Mato Grosso,2012,2015,EXTENSAO,"['José Roberto Rambo', 'Willian Krause']","['NAO', 'SIM']",8190371175828378,José Roberto Rambo,Rambo,"RAMBO, J. R.;RAMBO, JOSÉ ROBERTO",Pirapó,RS,Nao foi possivel extrair o resumo,21-02-2019,1
1º Giro Zootécnico da UNEMAT Tangará,2012,2012,OUTRA,"['José Roberto Rambo', 'Junio Cesar Martinez']","['NAO', 'SIM']",8190371175828378,José Roberto Rambo,Rambo,"RAMBO, J. R.;RAMBO, JOSÉ ROBERTO",Pirapó,RS,Nao foi possivel extrair o resumo,21-02-2019,1
Curso de Formação Pré-Acadêmica: Equidade na Pós-Graduação,2012,2012,EXTENSAO,"['José Roberto Rambo', 'Paulo Alberto dos Santos Vieira', 'Mônica Josene Barbosa Pereira', 'Hellen Cristina de Souza']","['NAO', 'SIM', 'NAO', 'NAO']",8190371175828378,José Roberto Rambo,Rambo,"RAMBO, J. R.;RAMBO, JOSÉ ROBERTO",Pirapó,RS,Nao foi possivel extrair o resumo,21-02-2019,1
Campus a Campo: Ações Extensionistas com a Agricultura Familiar de Tangará da Serra-MT,2013,ATUAL,EXTENSAO,"['José Roberto Rambo', 'Gilmar Laforga', 'Raimundo Nonato França', 'Rivanildo Dallacort', 'Samuel Laudelino Silva', 'Dejânia Vieira de Araújo', 'Mônica Josene Barbosa Pereira']","['SIM', 'NAO', 'NAO', 'NAO', 'NAO', 'NAO', 'NAO']",8190371175828378,José Roberto Rambo,Rambo,"RAMBO, J. R.;RAMBO, JOSÉ ROBERTO",Pirapó,RS,Nao foi possivel extrair o resumo,21-02-2019,1
"Política pública na agricultura familiar matogrossense: uma análise do PAA em assentamentos nos municípios de Tangará da Serra, Juína e São José dos Quatro Marcos",2014,2017,PESQUISA,"['José Roberto Rambo', 'Gilmar Laforga', 'Maria Aparecida Anselmo Tarsitano', 'Raimundo Nonato Cunha de França', 'Sandro Benedito Sguarezi']","['NAO', 'SIM', 'NAO', 'NAO', 'NAO']",8190371175828378,José Roberto Rambo,Rambo,"RAMBO, J. R.;RAMBO, JOSÉ ROBERTO",Pirapó,RS,Nao foi possivel extrair o resumo,21-02-2019,1
Transferência de tecnologias de produção em fruticultura visando a fortalecimento da agricultura familiar em Tangará da Serra,2013,ATUAL,EXTENSAO,"['José Roberto Rambo', 'Willian Krause', 'Kelvin Shin-iti Kabeya', 'Tricia Costa Lima']","['NAO', 'SIM', 'NAO', 'NAO']",8190371175828378,José Roberto Rambo,Rambo,"RAMBO, J. R.;RAMBO, JOSÉ ROBERTO",Pirapó,RS,Nao foi possivel extrair o resumo,21-02-2019,1
Políticas públicas voltadas à agricultura familiar: análise do Programa de Apoio a Projetos de infraestrutura e Serviços em Territórios Rurais (Proinf/ SDT/MDA) em âmbito do Território Alto Paraguai,2017,ATUAL,PESQUISA,"['José Roberto Rambo', 'Gilmar Laforga', 'Raimundo Nonato Cunha de França', 'Sandro Benedito Sguarezi', 'SABBAG, OMAR JORGE', 'Anderson Gheller Froehlich']","['NAO', 'NAO', 'NAO', 'NAO', 'NAO', 'SIM']",8190371175828378,José Roberto Rambo,Rambo,"RAMBO, J. R.;RAMBO, JOSÉ ROBERTO",Pirapó,RS,Nao foi possivel extrair o resumo,21-02-2019,1
Terra como princípio educativo,2017,ATUAL,PESQUISA,"['José Roberto Rambo', 'Hellen Cristina de Souza', 'Willian Marques Duarte', 'Marinez Cargnin-Stieler']","['NAO', 'NAO', 'NAO', 'SIM']",8190371175828378,José Roberto Rambo,Rambo,"RAMBO, J. R.;RAMBO, JOSÉ ROBERTO",Pirapó,RS,Nao foi possivel extrair o resumo,21-02-2019,1
MT Horticultura: canal de comunicação com os produtores rurais de Mato Grosso,2015,ATUAL,EXTENSAO,"['José Roberto Rambo', 'Gilmar Laforga', 'Willian Krause', 'Adalberto Santi', 'Kelvin Shin-iti Kabeya']","['NAO', 'NAO', 'SIM', 'NAO', 'NAO']",8190371175828378,José Roberto Rambo,Rambo,"RAMBO, J. R.;RAMBO, JOSÉ ROBERTO",Pirapó,RS,Nao foi possivel extrair o resumo,21-02-2019,1
"Coleta, Análise e Divulgação de Preços de Itens de Supermercados em Tangará da Serra-MT",2017,ATUAL,EXTENSAO,"['José Roberto Rambo', 'Gilmar Laforga', 'Karine Medeiros Anunciatto', 'Vanderson Ricardo Jorge', 'Julio da Silva Pereira', 'Jakciane Eggert']","['SIM', 'NAO', 'NAO', 'NAO', 'NAO', 'NAO']",8190371175828378,José Roberto Rambo,Rambo,"RAMBO, J. R.;RAMBO, JOSÉ ROBERTO",Pirapó,RS,Nao foi possivel extrair o resumo,21-02-2019,1
Análise de Eficiência na Utilização de Recursos e no Atendimento a População do Programa de Aquisição de Alimentos (PAA) no Território do Alto Paraguai em Mato Grosso,2017,ATUAL,PESQUISA,"['José Roberto Rambo', 'Gilmar Laforga', 'Raimundo Nonato Cunha de França', 'Sandro Benedito Sguarezi', 'SABBAG, OMAR JORGE', 'Anderson Gheller Froehlich']","['SIM', 'NAO', 'NAO', 'NAO', 'NAO', 'NAO']",8190371175828378,José Roberto Rambo,Rambo,"RAMBO, J. R.;RAMBO, JOSÉ ROBERTO",Pirapó,RS,Nao foi possivel extrair o resumo,21-02-2019,1
GRUPOS DE ATER: diálogos e práticas de extensão rural,2017,ATUAL,EXTENSAO,"['José Roberto Rambo', 'Gilmar Laforga', 'Adalberto Santi', 'Raimundo Nonato Cunha de França', 'Rafael Cesar Tieppo', 'Márcio Osvaldo Lima Magalhães', 'Anísio da Silva Nunes']","['NAO', 'SIM', 'NAO', 'NAO', 'NAO', 'NAO', 'NAO']",8190371175828378,José Roberto Rambo,Rambo,"RAMBO, J. R.;RAMBO, JOSÉ ROBERTO",Pirapó,RS,Nao foi possivel extrair o resumo,21-02-2019,1
"Fortalecimento da Agroindústria Familiar em Tangará da Serra: diagnóstico, assistência técnica e extensão rural em assentamentos rurais",2018,ATUAL,EXTENSAO,"['José Roberto Rambo', 'Gilmar Laforga', 'Rogério Gonçalves Lacerda de Gouveia', 'Raimundo Nonato Cunha de França', 'Sandro Benedito Sguarezi', 'Jakciane Eggert', 'Anderson Gheller Froehlich', 'Agnaldo Soares Damacena']","['SIM', 'NAO', 'NAO', 'NAO', 'NAO', 'NAO', 'NAO', 'NAO']",8190371175828378,José Roberto Rambo,Rambo,"RAMBO, J. R.;RAMBO, JOSÉ ROBERTO",Pirapó,RS,Nao foi possivel extrair o resumo,21-02-2019,1
Agronomia no Campo: Agricultura de Base Ecológica em questão.,2009,2011,EXTENSAO,"['José Roberto Rambo', 'Cleiton Lopes da Silva']","['SIM', 'NAO']",8190371175828378,José Roberto Rambo,Rambo,"RAMBO, J. R.;RAMBO, JOSÉ ROBERTO",Pirapó,RS,Nao foi possivel extrair o resumo,21-02-2019,1
"Capacitação Técnica e Organizacional das famílias do Assentamento Estrela da Ilha, em Ilha Solteira (SP).",2014,2016,EXTENSAO,"['José Roberto Rambo', ""Antonio Lázaro Sant'Ana"", 'Murilo Didonet de Moraes', 'Ticiana Petean Pina']","['NAO', 'SIM', 'NAO', 'NAO']",8190371175828378,José Roberto Rambo,Rambo,"RAMBO, J. R.;RAMBO, JOSÉ ROBERTO",Pirapó,RS,Nao foi possivel extrair o resumo,21-02-2019,1
Núcleos de Extensão em Desenvolvimento Territorial dos Territórios de Andradina e do Noroeste Paulista,2014,2016,PESQUISA,"['José Roberto Rambo', 'Maria Aparecida Anselmo Tarsitano', ""Antonio Lázaro Sant'Ana"", 'Ticiana Petean Pina', 'Douglas de Araújo Gonzaga', 'Valéria da Silva Modenese', 'Luciana Carvalho de Oliveira', 'Étorre Santiago Zalinelo Monteiro']","['NAO', 'NAO', 'SIM', 'NAO', 'NAO', 'NAO', 'NAO', 'NAO']",8190371175828378,José Roberto Rambo,Rambo,"RAMBO, J. R.;RAMBO, JOSÉ ROBERTO",Pirapó,RS,Nao foi possivel extrair o resumo,21-02-2019,1
