ID,INSTITUTION,INSTITUTION_CODE,YEAR,YEAR_FIN,MONTH_INI,MONTH_FIN,DEGREE,DEGREE_ID,TYPE,TITLE,FULL_NAME,LAST_NAME,CITADO,CITY,STATE,RESUME,UPDATE,ADDRESS_ENTERP,ORCID,ADDRESS_ENTERP_CODE,FILTER_YEAR
3275865819287843,Universidade do Estado de Mato Grosso,841500000008,2007,2010,06,03,Agronomia,90000010,GRADUACAO,"['Construções Rurais', 'Topografia']",Rafael Cesar Tieppo,Tieppo,"TIEPPO, R. C.;TIEPPO, RAFAEL CESAR;TIEPPO, RAFAEL CÉSAR;R. C. TIEPPO;TIEPPO, RAFAEL",Cascavel,PR,"Rafael Tieppo possui graduação em Engenharia Agícola pela Universidade Estadual do Oeste do Paraná (2001), mestrado em Engenharia Agrícola pela Universidade Estadual do Oeste do Paraná (2004) e doutorado em Engenharia de Sistemas Agrícolas pela Universidade de São Paulo, ESALQ-USP com período sanduíche na Aarhus University - Dinamarca. Atualmente é professor adjunto da Universidade do Estado de Mato Grosso. Tem experiência na área de Engenharia Agrícola, atuando no momento com os seguintes temas: agricultura digital, geoprocessamento e mecanização agrícola.",02-10-2024,Universidade do Estado de Mato Grosso,http://orcid.org/0000-0001-8132-4813,841500000008,IN
3275865819287843,Universidade do Estado de Mato Grosso,841500000008,2010,2011,03,12,Agronomia,90000010,GRADUACAO,"['Cálculo Aplicado', 'Construções Rurais', 'Máquinas e Mecanização Agrícola']",Rafael Cesar Tieppo,Tieppo,"TIEPPO, R. C.;TIEPPO, RAFAEL CESAR;TIEPPO, RAFAEL CÉSAR;R. C. TIEPPO;TIEPPO, RAFAEL",Cascavel,PR,"Rafael Tieppo possui graduação em Engenharia Agícola pela Universidade Estadual do Oeste do Paraná (2001), mestrado em Engenharia Agrícola pela Universidade Estadual do Oeste do Paraná (2004) e doutorado em Engenharia de Sistemas Agrícolas pela Universidade de São Paulo, ESALQ-USP com período sanduíche na Aarhus University - Dinamarca. Atualmente é professor adjunto da Universidade do Estado de Mato Grosso. Tem experiência na área de Engenharia Agrícola, atuando no momento com os seguintes temas: agricultura digital, geoprocessamento e mecanização agrícola.",02-10-2024,Universidade do Estado de Mato Grosso,http://orcid.org/0000-0001-8132-4813,841500000008,IN
3275865819287843,Universidade do Estado de Mato Grosso,841500000008,2015,2015,01,12,Agronomia,60280700,GRADUACAO,"['Máquinas Agrícolas', 'Mecanização Agrícola', 'Desenho técnico']",Rafael Cesar Tieppo,Tieppo,"TIEPPO, R. C.;TIEPPO, RAFAEL CESAR;TIEPPO, RAFAEL CÉSAR;R. C. TIEPPO;TIEPPO, RAFAEL",Cascavel,PR,"Rafael Tieppo possui graduação em Engenharia Agícola pela Universidade Estadual do Oeste do Paraná (2001), mestrado em Engenharia Agrícola pela Universidade Estadual do Oeste do Paraná (2004) e doutorado em Engenharia de Sistemas Agrícolas pela Universidade de São Paulo, ESALQ-USP com período sanduíche na Aarhus University - Dinamarca. Atualmente é professor adjunto da Universidade do Estado de Mato Grosso. Tem experiência na área de Engenharia Agrícola, atuando no momento com os seguintes temas: agricultura digital, geoprocessamento e mecanização agrícola.",02-10-2024,Universidade do Estado de Mato Grosso,http://orcid.org/0000-0001-8132-4813,841500000008,IN
3275865819287843,Universidade do Estado de Mato Grosso,841500000008,2016,2016,01,06,Agronomia,90000010,GRADUACAO,"['Geoprocessamento', 'Máquinas agrícolas', 'Mecanização agrícola']",Rafael Cesar Tieppo,Tieppo,"TIEPPO, R. C.;TIEPPO, RAFAEL CESAR;TIEPPO, RAFAEL CÉSAR;R. C. TIEPPO;TIEPPO, RAFAEL",Cascavel,PR,"Rafael Tieppo possui graduação em Engenharia Agícola pela Universidade Estadual do Oeste do Paraná (2001), mestrado em Engenharia Agrícola pela Universidade Estadual do Oeste do Paraná (2004) e doutorado em Engenharia de Sistemas Agrícolas pela Universidade de São Paulo, ESALQ-USP com período sanduíche na Aarhus University - Dinamarca. Atualmente é professor adjunto da Universidade do Estado de Mato Grosso. Tem experiência na área de Engenharia Agrícola, atuando no momento com os seguintes temas: agricultura digital, geoprocessamento e mecanização agrícola.",02-10-2024,Universidade do Estado de Mato Grosso,http://orcid.org/0000-0001-8132-4813,841500000008,IN
3275865819287843,Universidade do Estado de Mato Grosso,841500000008,2016,2016,07,12,Agronomia,90000010,GRADUACAO,"['Geoprocessamento', 'Mecanização agrícola', 'Máquinas agrícolas']",Rafael Cesar Tieppo,Tieppo,"TIEPPO, R. C.;TIEPPO, RAFAEL CESAR;TIEPPO, RAFAEL CÉSAR;R. C. TIEPPO;TIEPPO, RAFAEL",Cascavel,PR,"Rafael Tieppo possui graduação em Engenharia Agícola pela Universidade Estadual do Oeste do Paraná (2001), mestrado em Engenharia Agrícola pela Universidade Estadual do Oeste do Paraná (2004) e doutorado em Engenharia de Sistemas Agrícolas pela Universidade de São Paulo, ESALQ-USP com período sanduíche na Aarhus University - Dinamarca. Atualmente é professor adjunto da Universidade do Estado de Mato Grosso. Tem experiência na área de Engenharia Agrícola, atuando no momento com os seguintes temas: agricultura digital, geoprocessamento e mecanização agrícola.",02-10-2024,Universidade do Estado de Mato Grosso,http://orcid.org/0000-0001-8132-4813,841500000008,IN
3275865819287843,Universidade do Estado de Mato Grosso,841500000008,2017,2017,01,06,Agronomia,90000010,GRADUACAO,"['Geoprocessamento', 'Máquinas agrícolas', 'Mecanização agrícola']",Rafael Cesar Tieppo,Tieppo,"TIEPPO, R. C.;TIEPPO, RAFAEL CESAR;TIEPPO, RAFAEL CÉSAR;R. C. TIEPPO;TIEPPO, RAFAEL",Cascavel,PR,"Rafael Tieppo possui graduação em Engenharia Agícola pela Universidade Estadual do Oeste do Paraná (2001), mestrado em Engenharia Agrícola pela Universidade Estadual do Oeste do Paraná (2004) e doutorado em Engenharia de Sistemas Agrícolas pela Universidade de São Paulo, ESALQ-USP com período sanduíche na Aarhus University - Dinamarca. Atualmente é professor adjunto da Universidade do Estado de Mato Grosso. Tem experiência na área de Engenharia Agrícola, atuando no momento com os seguintes temas: agricultura digital, geoprocessamento e mecanização agrícola.",02-10-2024,Universidade do Estado de Mato Grosso,http://orcid.org/0000-0001-8132-4813,841500000008,IN
3275865819287843,Universidade do Estado de Mato Grosso,841500000008,2017,2017,06,12,Agronomia,90000010,GRADUACAO,['Geoprocessamento'],Rafael Cesar Tieppo,Tieppo,"TIEPPO, R. C.;TIEPPO, RAFAEL CESAR;TIEPPO, RAFAEL CÉSAR;R. C. TIEPPO;TIEPPO, RAFAEL",Cascavel,PR,"Rafael Tieppo possui graduação em Engenharia Agícola pela Universidade Estadual do Oeste do Paraná (2001), mestrado em Engenharia Agrícola pela Universidade Estadual do Oeste do Paraná (2004) e doutorado em Engenharia de Sistemas Agrícolas pela Universidade de São Paulo, ESALQ-USP com período sanduíche na Aarhus University - Dinamarca. Atualmente é professor adjunto da Universidade do Estado de Mato Grosso. Tem experiência na área de Engenharia Agrícola, atuando no momento com os seguintes temas: agricultura digital, geoprocessamento e mecanização agrícola.",02-10-2024,Universidade do Estado de Mato Grosso,http://orcid.org/0000-0001-8132-4813,841500000008,IN
3275865819287843,Universidade do Estado de Mato Grosso,841500000008,2018,2018,01,06,Agronomia,90000010,GRADUACAO,['Geoprocessamento'],Rafael Cesar Tieppo,Tieppo,"TIEPPO, R. C.;TIEPPO, RAFAEL CESAR;TIEPPO, RAFAEL CÉSAR;R. C. TIEPPO;TIEPPO, RAFAEL",Cascavel,PR,"Rafael Tieppo possui graduação em Engenharia Agícola pela Universidade Estadual do Oeste do Paraná (2001), mestrado em Engenharia Agrícola pela Universidade Estadual do Oeste do Paraná (2004) e doutorado em Engenharia de Sistemas Agrícolas pela Universidade de São Paulo, ESALQ-USP com período sanduíche na Aarhus University - Dinamarca. Atualmente é professor adjunto da Universidade do Estado de Mato Grosso. Tem experiência na área de Engenharia Agrícola, atuando no momento com os seguintes temas: agricultura digital, geoprocessamento e mecanização agrícola.",02-10-2024,Universidade do Estado de Mato Grosso,http://orcid.org/0000-0001-8132-4813,841500000008,IN
3275865819287843,Universidade do Estado de Mato Grosso,841500000008,2018,2018,07,12,Agronomia,90000010,GRADUACAO,['Geoprocessamento'],Rafael Cesar Tieppo,Tieppo,"TIEPPO, R. C.;TIEPPO, RAFAEL CESAR;TIEPPO, RAFAEL CÉSAR;R. C. TIEPPO;TIEPPO, RAFAEL",Cascavel,PR,"Rafael Tieppo possui graduação em Engenharia Agícola pela Universidade Estadual do Oeste do Paraná (2001), mestrado em Engenharia Agrícola pela Universidade Estadual do Oeste do Paraná (2004) e doutorado em Engenharia de Sistemas Agrícolas pela Universidade de São Paulo, ESALQ-USP com período sanduíche na Aarhus University - Dinamarca. Atualmente é professor adjunto da Universidade do Estado de Mato Grosso. Tem experiência na área de Engenharia Agrícola, atuando no momento com os seguintes temas: agricultura digital, geoprocessamento e mecanização agrícola.",02-10-2024,Universidade do Estado de Mato Grosso,http://orcid.org/0000-0001-8132-4813,841500000008,IN
3275865819287843,Universidade do Estado de Mato Grosso,841500000008,2019,2019,01,06,Agronomia,90000010,GRADUACAO,['Geoprocessamento'],Rafael Cesar Tieppo,Tieppo,"TIEPPO, R. C.;TIEPPO, RAFAEL CESAR;TIEPPO, RAFAEL CÉSAR;R. C. TIEPPO;TIEPPO, RAFAEL",Cascavel,PR,"Rafael Tieppo possui graduação em Engenharia Agícola pela Universidade Estadual do Oeste do Paraná (2001), mestrado em Engenharia Agrícola pela Universidade Estadual do Oeste do Paraná (2004) e doutorado em Engenharia de Sistemas Agrícolas pela Universidade de São Paulo, ESALQ-USP com período sanduíche na Aarhus University - Dinamarca. Atualmente é professor adjunto da Universidade do Estado de Mato Grosso. Tem experiência na área de Engenharia Agrícola, atuando no momento com os seguintes temas: agricultura digital, geoprocessamento e mecanização agrícola.",02-10-2024,Universidade do Estado de Mato Grosso,http://orcid.org/0000-0001-8132-4813,841500000008,IN
3275865819287843,Universidade do Estado de Mato Grosso,841500000008,2019,2019,07,12,Agronomia,90000010,GRADUACAO,"['Geoprocessamento', 'Mecanização agrícola', 'Topografia']",Rafael Cesar Tieppo,Tieppo,"TIEPPO, R. C.;TIEPPO, RAFAEL CESAR;TIEPPO, RAFAEL CÉSAR;R. C. TIEPPO;TIEPPO, RAFAEL",Cascavel,PR,"Rafael Tieppo possui graduação em Engenharia Agícola pela Universidade Estadual do Oeste do Paraná (2001), mestrado em Engenharia Agrícola pela Universidade Estadual do Oeste do Paraná (2004) e doutorado em Engenharia de Sistemas Agrícolas pela Universidade de São Paulo, ESALQ-USP com período sanduíche na Aarhus University - Dinamarca. Atualmente é professor adjunto da Universidade do Estado de Mato Grosso. Tem experiência na área de Engenharia Agrícola, atuando no momento com os seguintes temas: agricultura digital, geoprocessamento e mecanização agrícola.",02-10-2024,Universidade do Estado de Mato Grosso,http://orcid.org/0000-0001-8132-4813,841500000008,IN
3275865819287843,Universidade do Estado de Mato Grosso,841500000008,2020,2020,01,06,Agronomia,90000010,GRADUACAO,"['Geoprocessamento', 'Mecanização agrícola', 'Topografia']",Rafael Cesar Tieppo,Tieppo,"TIEPPO, R. C.;TIEPPO, RAFAEL CESAR;TIEPPO, RAFAEL CÉSAR;R. C. TIEPPO;TIEPPO, RAFAEL",Cascavel,PR,"Rafael Tieppo possui graduação em Engenharia Agícola pela Universidade Estadual do Oeste do Paraná (2001), mestrado em Engenharia Agrícola pela Universidade Estadual do Oeste do Paraná (2004) e doutorado em Engenharia de Sistemas Agrícolas pela Universidade de São Paulo, ESALQ-USP com período sanduíche na Aarhus University - Dinamarca. Atualmente é professor adjunto da Universidade do Estado de Mato Grosso. Tem experiência na área de Engenharia Agrícola, atuando no momento com os seguintes temas: agricultura digital, geoprocessamento e mecanização agrícola.",02-10-2024,Universidade do Estado de Mato Grosso,http://orcid.org/0000-0001-8132-4813,841500000008,IN
3275865819287843,Universidade do Estado de Mato Grosso,841500000008,2020,2020,07,12,Agronomia,90000010,GRADUACAO,"['Geoprocessamento', 'Mecanização agrícola', 'Topografia']",Rafael Cesar Tieppo,Tieppo,"TIEPPO, R. C.;TIEPPO, RAFAEL CESAR;TIEPPO, RAFAEL CÉSAR;R. C. TIEPPO;TIEPPO, RAFAEL",Cascavel,PR,"Rafael Tieppo possui graduação em Engenharia Agícola pela Universidade Estadual do Oeste do Paraná (2001), mestrado em Engenharia Agrícola pela Universidade Estadual do Oeste do Paraná (2004) e doutorado em Engenharia de Sistemas Agrícolas pela Universidade de São Paulo, ESALQ-USP com período sanduíche na Aarhus University - Dinamarca. Atualmente é professor adjunto da Universidade do Estado de Mato Grosso. Tem experiência na área de Engenharia Agrícola, atuando no momento com os seguintes temas: agricultura digital, geoprocessamento e mecanização agrícola.",02-10-2024,Universidade do Estado de Mato Grosso,http://orcid.org/0000-0001-8132-4813,841500000008,IN
3275865819287843,Universidade do Estado de Mato Grosso,841500000008,2021,2021,01,06,Agronomia,90000010,GRADUACAO,"['Geoprocessamento', 'Mecanização agrícola', 'Sensoriamento remoto']",Rafael Cesar Tieppo,Tieppo,"TIEPPO, R. C.;TIEPPO, RAFAEL CESAR;TIEPPO, RAFAEL CÉSAR;R. C. TIEPPO;TIEPPO, RAFAEL",Cascavel,PR,"Rafael Tieppo possui graduação em Engenharia Agícola pela Universidade Estadual do Oeste do Paraná (2001), mestrado em Engenharia Agrícola pela Universidade Estadual do Oeste do Paraná (2004) e doutorado em Engenharia de Sistemas Agrícolas pela Universidade de São Paulo, ESALQ-USP com período sanduíche na Aarhus University - Dinamarca. Atualmente é professor adjunto da Universidade do Estado de Mato Grosso. Tem experiência na área de Engenharia Agrícola, atuando no momento com os seguintes temas: agricultura digital, geoprocessamento e mecanização agrícola.",02-10-2024,Universidade do Estado de Mato Grosso,http://orcid.org/0000-0001-8132-4813,841500000008,IN
3275865819287843,Universidade do Estado de Mato Grosso,841500000008,2021,2021,07,12,Agronomia,90000010,GRADUACAO,"['Geoprocessamento', 'Mecanização agrícola', 'Sensoriamento remoto']",Rafael Cesar Tieppo,Tieppo,"TIEPPO, R. C.;TIEPPO, RAFAEL CESAR;TIEPPO, RAFAEL CÉSAR;R. C. TIEPPO;TIEPPO, RAFAEL",Cascavel,PR,"Rafael Tieppo possui graduação em Engenharia Agícola pela Universidade Estadual do Oeste do Paraná (2001), mestrado em Engenharia Agrícola pela Universidade Estadual do Oeste do Paraná (2004) e doutorado em Engenharia de Sistemas Agrícolas pela Universidade de São Paulo, ESALQ-USP com período sanduíche na Aarhus University - Dinamarca. Atualmente é professor adjunto da Universidade do Estado de Mato Grosso. Tem experiência na área de Engenharia Agrícola, atuando no momento com os seguintes temas: agricultura digital, geoprocessamento e mecanização agrícola.",02-10-2024,Universidade do Estado de Mato Grosso,http://orcid.org/0000-0001-8132-4813,841500000008,IN
3275865819287843,Universidade do Estado de Mato Grosso,841500000008,2022,2022,01,06,Agronomia,90000010,GRADUACAO,"['Geoprocessamento', 'Mecanização agrícola', 'Sensoriamento remoto']",Rafael Cesar Tieppo,Tieppo,"TIEPPO, R. C.;TIEPPO, RAFAEL CESAR;TIEPPO, RAFAEL CÉSAR;R. C. TIEPPO;TIEPPO, RAFAEL",Cascavel,PR,"Rafael Tieppo possui graduação em Engenharia Agícola pela Universidade Estadual do Oeste do Paraná (2001), mestrado em Engenharia Agrícola pela Universidade Estadual do Oeste do Paraná (2004) e doutorado em Engenharia de Sistemas Agrícolas pela Universidade de São Paulo, ESALQ-USP com período sanduíche na Aarhus University - Dinamarca. Atualmente é professor adjunto da Universidade do Estado de Mato Grosso. Tem experiência na área de Engenharia Agrícola, atuando no momento com os seguintes temas: agricultura digital, geoprocessamento e mecanização agrícola.",02-10-2024,Universidade do Estado de Mato Grosso,http://orcid.org/0000-0001-8132-4813,841500000008,IN
3275865819287843,Universidade do Estado de Mato Grosso,841500000008,2022,2022,07,12,Agronomia,90000010,GRADUACAO,"['Geoprocessamento', 'Mecanização agrícola', 'Sensoriamento remoto']",Rafael Cesar Tieppo,Tieppo,"TIEPPO, R. C.;TIEPPO, RAFAEL CESAR;TIEPPO, RAFAEL CÉSAR;R. C. TIEPPO;TIEPPO, RAFAEL",Cascavel,PR,"Rafael Tieppo possui graduação em Engenharia Agícola pela Universidade Estadual do Oeste do Paraná (2001), mestrado em Engenharia Agrícola pela Universidade Estadual do Oeste do Paraná (2004) e doutorado em Engenharia de Sistemas Agrícolas pela Universidade de São Paulo, ESALQ-USP com período sanduíche na Aarhus University - Dinamarca. Atualmente é professor adjunto da Universidade do Estado de Mato Grosso. Tem experiência na área de Engenharia Agrícola, atuando no momento com os seguintes temas: agricultura digital, geoprocessamento e mecanização agrícola.",02-10-2024,Universidade do Estado de Mato Grosso,http://orcid.org/0000-0001-8132-4813,841500000008,IN
3275865819287843,Universidade do Estado de Mato Grosso,841500000008,2023,2023,01,06,Agronomia,90000010,GRADUACAO,['Sensoriamento remoto'],Rafael Cesar Tieppo,Tieppo,"TIEPPO, R. C.;TIEPPO, RAFAEL CESAR;TIEPPO, RAFAEL CÉSAR;R. C. TIEPPO;TIEPPO, RAFAEL",Cascavel,PR,"Rafael Tieppo possui graduação em Engenharia Agícola pela Universidade Estadual do Oeste do Paraná (2001), mestrado em Engenharia Agrícola pela Universidade Estadual do Oeste do Paraná (2004) e doutorado em Engenharia de Sistemas Agrícolas pela Universidade de São Paulo, ESALQ-USP com período sanduíche na Aarhus University - Dinamarca. Atualmente é professor adjunto da Universidade do Estado de Mato Grosso. Tem experiência na área de Engenharia Agrícola, atuando no momento com os seguintes temas: agricultura digital, geoprocessamento e mecanização agrícola.",02-10-2024,Universidade do Estado de Mato Grosso,http://orcid.org/0000-0001-8132-4813,841500000008,IN
3275865819287843,Universidade do Estado de Mato Grosso,841500000008,2023,2023,01,06,Ambiente e Sistemas de Produção Agrícola,60061090,POS-GRADUACAO,['Estatística'],Rafael Cesar Tieppo,Tieppo,"TIEPPO, R. C.;TIEPPO, RAFAEL CESAR;TIEPPO, RAFAEL CÉSAR;R. C. TIEPPO;TIEPPO, RAFAEL",Cascavel,PR,"Rafael Tieppo possui graduação em Engenharia Agícola pela Universidade Estadual do Oeste do Paraná (2001), mestrado em Engenharia Agrícola pela Universidade Estadual do Oeste do Paraná (2004) e doutorado em Engenharia de Sistemas Agrícolas pela Universidade de São Paulo, ESALQ-USP com período sanduíche na Aarhus University - Dinamarca. Atualmente é professor adjunto da Universidade do Estado de Mato Grosso. Tem experiência na área de Engenharia Agrícola, atuando no momento com os seguintes temas: agricultura digital, geoprocessamento e mecanização agrícola.",02-10-2024,Universidade do Estado de Mato Grosso,http://orcid.org/0000-0001-8132-4813,841500000008,IN
3275865819287843,Universidade do Estado de Mato Grosso,841500000008,2023,2023,07,12,Agronomia,90000010,GRADUACAO,['Geoprocessamento'],Rafael Cesar Tieppo,Tieppo,"TIEPPO, R. C.;TIEPPO, RAFAEL CESAR;TIEPPO, RAFAEL CÉSAR;R. C. TIEPPO;TIEPPO, RAFAEL",Cascavel,PR,"Rafael Tieppo possui graduação em Engenharia Agícola pela Universidade Estadual do Oeste do Paraná (2001), mestrado em Engenharia Agrícola pela Universidade Estadual do Oeste do Paraná (2004) e doutorado em Engenharia de Sistemas Agrícolas pela Universidade de São Paulo, ESALQ-USP com período sanduíche na Aarhus University - Dinamarca. Atualmente é professor adjunto da Universidade do Estado de Mato Grosso. Tem experiência na área de Engenharia Agrícola, atuando no momento com os seguintes temas: agricultura digital, geoprocessamento e mecanização agrícola.",02-10-2024,Universidade do Estado de Mato Grosso,http://orcid.org/0000-0001-8132-4813,841500000008,IN
3275865819287843,Universidade do Estado de Mato Grosso,841500000008,2023,2023,07,12,Ambiente e Sistemas de Produção Agrícola,60061090,POS-GRADUACAO,"['Relações Solo, Água, Planta e Atmosfera']",Rafael Cesar Tieppo,Tieppo,"TIEPPO, R. C.;TIEPPO, RAFAEL CESAR;TIEPPO, RAFAEL CÉSAR;R. C. TIEPPO;TIEPPO, RAFAEL",Cascavel,PR,"Rafael Tieppo possui graduação em Engenharia Agícola pela Universidade Estadual do Oeste do Paraná (2001), mestrado em Engenharia Agrícola pela Universidade Estadual do Oeste do Paraná (2004) e doutorado em Engenharia de Sistemas Agrícolas pela Universidade de São Paulo, ESALQ-USP com período sanduíche na Aarhus University - Dinamarca. Atualmente é professor adjunto da Universidade do Estado de Mato Grosso. Tem experiência na área de Engenharia Agrícola, atuando no momento com os seguintes temas: agricultura digital, geoprocessamento e mecanização agrícola.",02-10-2024,Universidade do Estado de Mato Grosso,http://orcid.org/0000-0001-8132-4813,841500000008,IN
5401789813032087,Escola Superior de Agricultura &quot;Luiz de Queiroz&quot;,000200000993,2008,2024,07,,Engenharia Agronômica,90000007,GRADUACAO,"['Estágio Profissionalizante', 'Estágio Supervisionado em Engenharia Rural', 'Estágio Vivencial', 'Máquinas e implementos agrícolas', 'Mecânica e Máquinas Motoras']",Thiago Libório Romanelli,Romanelli,"ROMANELLI, T. L.;Romanelli, Thiago L.;Romanelli, Thiago Libório;ROMANELLI, THIAGO;Libório Romanelli, Thiago",Piracicaba,SP,"Professor Titular do Departamento de Engenharia de Biossistemas (LEB), Esalq/USP. Atua nos temas: Fluxos de Materiais e de Energia em Sistemas de Produção, Sustentabilidade, Análises de Ciclo de Vida e Viabilidade econômica de adoção de tecnologia. É Engenheiro Agrônomo pela Universidade de São Paulo (2000), mestre em Máquinas Agrícolas pela Universidade de São Paulo (2003) e doutor em Recursos Florestais pela Universidade de São Paulo (2007), tendo sido Research Associate do Center for Environmental Policy da University of Florida (2005-2006),  Professor Doutor (2008-2013) e Livre Docente em Mecânica e Máquinas Motoras pela Universidade de São Paulo (2013) . Fulbright Scholar - Cátedra de Ciências Agrárias na University of Nebraska/Lincoln (2017). Foi Chefe e Vice-Chefe do LEB, Presidente da Comissão de Relações Internacionais, Coodenador de Curso de Graduação, Vice-Diretor do Centro de Informática &quot;Luiz de Queiroz&quot; e atualmente é Presidente da Comissão de Graduação e Presidente da Comissão de Administração, Orçamento e Patrimônio da Esalq/USP.",21-11-2023,Universidade de São Paulo,https://orcid.org/0000-0001-5407-9031,006700000002,IN
5401789813032087,Escola Superior de Agricultura &quot;Luiz de Queiroz&quot;,000200000993,2008,2024,07,,Engenharia Florestal,90000008,GRADUACAO,"['Estágio Profissionalizante', 'Estágio supervisionado em Engenharia Rural', 'Estágio Vivencial', 'Máquinas e implementos agrícolas', 'Mecânica e máquinas motoras']",Thiago Libório Romanelli,Romanelli,"ROMANELLI, T. L.;Romanelli, Thiago L.;Romanelli, Thiago Libório;ROMANELLI, THIAGO;Libório Romanelli, Thiago",Piracicaba,SP,"Professor Titular do Departamento de Engenharia de Biossistemas (LEB), Esalq/USP. Atua nos temas: Fluxos de Materiais e de Energia em Sistemas de Produção, Sustentabilidade, Análises de Ciclo de Vida e Viabilidade econômica de adoção de tecnologia. É Engenheiro Agrônomo pela Universidade de São Paulo (2000), mestre em Máquinas Agrícolas pela Universidade de São Paulo (2003) e doutor em Recursos Florestais pela Universidade de São Paulo (2007), tendo sido Research Associate do Center for Environmental Policy da University of Florida (2005-2006),  Professor Doutor (2008-2013) e Livre Docente em Mecânica e Máquinas Motoras pela Universidade de São Paulo (2013) . Fulbright Scholar - Cátedra de Ciências Agrárias na University of Nebraska/Lincoln (2017). Foi Chefe e Vice-Chefe do LEB, Presidente da Comissão de Relações Internacionais, Coodenador de Curso de Graduação, Vice-Diretor do Centro de Informática &quot;Luiz de Queiroz&quot; e atualmente é Presidente da Comissão de Graduação e Presidente da Comissão de Administração, Orçamento e Patrimônio da Esalq/USP.",21-11-2023,Universidade de São Paulo,https://orcid.org/0000-0001-5407-9031,006700000002,IN
5401789813032087,Escola Superior de Agricultura &quot;Luiz de Queiroz&quot;,000200000993,2008,2024,07,,Gestão Ambiental,90000009,GRADUACAO,['Recursos energéticos e ambiente'],Thiago Libório Romanelli,Romanelli,"ROMANELLI, T. L.;Romanelli, Thiago L.;Romanelli, Thiago Libório;ROMANELLI, THIAGO;Libório Romanelli, Thiago",Piracicaba,SP,"Professor Titular do Departamento de Engenharia de Biossistemas (LEB), Esalq/USP. Atua nos temas: Fluxos de Materiais e de Energia em Sistemas de Produção, Sustentabilidade, Análises de Ciclo de Vida e Viabilidade econômica de adoção de tecnologia. É Engenheiro Agrônomo pela Universidade de São Paulo (2000), mestre em Máquinas Agrícolas pela Universidade de São Paulo (2003) e doutor em Recursos Florestais pela Universidade de São Paulo (2007), tendo sido Research Associate do Center for Environmental Policy da University of Florida (2005-2006),  Professor Doutor (2008-2013) e Livre Docente em Mecânica e Máquinas Motoras pela Universidade de São Paulo (2013) . Fulbright Scholar - Cátedra de Ciências Agrárias na University of Nebraska/Lincoln (2017). Foi Chefe e Vice-Chefe do LEB, Presidente da Comissão de Relações Internacionais, Coodenador de Curso de Graduação, Vice-Diretor do Centro de Informática &quot;Luiz de Queiroz&quot; e atualmente é Presidente da Comissão de Graduação e Presidente da Comissão de Administração, Orçamento e Patrimônio da Esalq/USP.",21-11-2023,Universidade de São Paulo,https://orcid.org/0000-0001-5407-9031,006700000002,IN
5401789813032087,Escola Superior de Agricultura &quot;Luiz de Queiroz&quot;,000200000993,2009,2010,03,08,Máquinas agrícolas,90000011,POS-GRADUACAO,['Fluxos de energia em sistemas agrícolas'],Thiago Libório Romanelli,Romanelli,"ROMANELLI, T. L.;Romanelli, Thiago L.;Romanelli, Thiago Libório;ROMANELLI, THIAGO;Libório Romanelli, Thiago",Piracicaba,SP,"Professor Titular do Departamento de Engenharia de Biossistemas (LEB), Esalq/USP. Atua nos temas: Fluxos de Materiais e de Energia em Sistemas de Produção, Sustentabilidade, Análises de Ciclo de Vida e Viabilidade econômica de adoção de tecnologia. É Engenheiro Agrônomo pela Universidade de São Paulo (2000), mestre em Máquinas Agrícolas pela Universidade de São Paulo (2003) e doutor em Recursos Florestais pela Universidade de São Paulo (2007), tendo sido Research Associate do Center for Environmental Policy da University of Florida (2005-2006),  Professor Doutor (2008-2013) e Livre Docente em Mecânica e Máquinas Motoras pela Universidade de São Paulo (2013) . Fulbright Scholar - Cátedra de Ciências Agrárias na University of Nebraska/Lincoln (2017). Foi Chefe e Vice-Chefe do LEB, Presidente da Comissão de Relações Internacionais, Coodenador de Curso de Graduação, Vice-Diretor do Centro de Informática &quot;Luiz de Queiroz&quot; e atualmente é Presidente da Comissão de Graduação e Presidente da Comissão de Administração, Orçamento e Patrimônio da Esalq/USP.",21-11-2023,Universidade de São Paulo,https://orcid.org/0000-0001-5407-9031,006700000002,IN
5401789813032087,Escola Superior de Agricultura &quot;Luiz de Queiroz&quot;,000200000993,2009,2024,03,,Ciências Biológicas,90000014,GRADUACAO,['Estágio Vivencial'],Thiago Libório Romanelli,Romanelli,"ROMANELLI, T. L.;Romanelli, Thiago L.;Romanelli, Thiago Libório;ROMANELLI, THIAGO;Libório Romanelli, Thiago",Piracicaba,SP,"Professor Titular do Departamento de Engenharia de Biossistemas (LEB), Esalq/USP. Atua nos temas: Fluxos de Materiais e de Energia em Sistemas de Produção, Sustentabilidade, Análises de Ciclo de Vida e Viabilidade econômica de adoção de tecnologia. É Engenheiro Agrônomo pela Universidade de São Paulo (2000), mestre em Máquinas Agrícolas pela Universidade de São Paulo (2003) e doutor em Recursos Florestais pela Universidade de São Paulo (2007), tendo sido Research Associate do Center for Environmental Policy da University of Florida (2005-2006),  Professor Doutor (2008-2013) e Livre Docente em Mecânica e Máquinas Motoras pela Universidade de São Paulo (2013) . Fulbright Scholar - Cátedra de Ciências Agrárias na University of Nebraska/Lincoln (2017). Foi Chefe e Vice-Chefe do LEB, Presidente da Comissão de Relações Internacionais, Coodenador de Curso de Graduação, Vice-Diretor do Centro de Informática &quot;Luiz de Queiroz&quot; e atualmente é Presidente da Comissão de Graduação e Presidente da Comissão de Administração, Orçamento e Patrimônio da Esalq/USP.",21-11-2023,Universidade de São Paulo,https://orcid.org/0000-0001-5407-9031,006700000002,IN
5401789813032087,Escola Superior de Agricultura &quot;Luiz de Queiroz&quot;,000200000993,2010,2024,08,,Engenharia Florestal,90000008,GRADUACAO,['Sustentabilidade energética em sistemas agrícolas'],Thiago Libório Romanelli,Romanelli,"ROMANELLI, T. L.;Romanelli, Thiago L.;Romanelli, Thiago Libório;ROMANELLI, THIAGO;Libório Romanelli, Thiago",Piracicaba,SP,"Professor Titular do Departamento de Engenharia de Biossistemas (LEB), Esalq/USP. Atua nos temas: Fluxos de Materiais e de Energia em Sistemas de Produção, Sustentabilidade, Análises de Ciclo de Vida e Viabilidade econômica de adoção de tecnologia. É Engenheiro Agrônomo pela Universidade de São Paulo (2000), mestre em Máquinas Agrícolas pela Universidade de São Paulo (2003) e doutor em Recursos Florestais pela Universidade de São Paulo (2007), tendo sido Research Associate do Center for Environmental Policy da University of Florida (2005-2006),  Professor Doutor (2008-2013) e Livre Docente em Mecânica e Máquinas Motoras pela Universidade de São Paulo (2013) . Fulbright Scholar - Cátedra de Ciências Agrárias na University of Nebraska/Lincoln (2017). Foi Chefe e Vice-Chefe do LEB, Presidente da Comissão de Relações Internacionais, Coodenador de Curso de Graduação, Vice-Diretor do Centro de Informática &quot;Luiz de Queiroz&quot; e atualmente é Presidente da Comissão de Graduação e Presidente da Comissão de Administração, Orçamento e Patrimônio da Esalq/USP.",21-11-2023,Universidade de São Paulo,https://orcid.org/0000-0001-5407-9031,006700000002,IN
5401789813032087,Escola Superior de Agricultura &quot;Luiz de Queiroz&quot;,000200000993,2010,2024,08,,Engenharia Agronômica,90000007,GRADUACAO,['Sustentabilidade energética em sistemas agrícolas'],Thiago Libório Romanelli,Romanelli,"ROMANELLI, T. L.;Romanelli, Thiago L.;Romanelli, Thiago Libório;ROMANELLI, THIAGO;Libório Romanelli, Thiago",Piracicaba,SP,"Professor Titular do Departamento de Engenharia de Biossistemas (LEB), Esalq/USP. Atua nos temas: Fluxos de Materiais e de Energia em Sistemas de Produção, Sustentabilidade, Análises de Ciclo de Vida e Viabilidade econômica de adoção de tecnologia. É Engenheiro Agrônomo pela Universidade de São Paulo (2000), mestre em Máquinas Agrícolas pela Universidade de São Paulo (2003) e doutor em Recursos Florestais pela Universidade de São Paulo (2007), tendo sido Research Associate do Center for Environmental Policy da University of Florida (2005-2006),  Professor Doutor (2008-2013) e Livre Docente em Mecânica e Máquinas Motoras pela Universidade de São Paulo (2013) . Fulbright Scholar - Cátedra de Ciências Agrárias na University of Nebraska/Lincoln (2017). Foi Chefe e Vice-Chefe do LEB, Presidente da Comissão de Relações Internacionais, Coodenador de Curso de Graduação, Vice-Diretor do Centro de Informática &quot;Luiz de Queiroz&quot; e atualmente é Presidente da Comissão de Graduação e Presidente da Comissão de Administração, Orçamento e Patrimônio da Esalq/USP.",21-11-2023,Universidade de São Paulo,https://orcid.org/0000-0001-5407-9031,006700000002,IN
5401789813032087,Escola Superior de Agricultura &quot;Luiz de Queiroz&quot;,000200000993,2010,2024,11,,Engenharia de Sistemas Agrícolas,90000021,POS-GRADUACAO,['Fluxos de energia em sistemas agrícolas'],Thiago Libório Romanelli,Romanelli,"ROMANELLI, T. L.;Romanelli, Thiago L.;Romanelli, Thiago Libório;ROMANELLI, THIAGO;Libório Romanelli, Thiago",Piracicaba,SP,"Professor Titular do Departamento de Engenharia de Biossistemas (LEB), Esalq/USP. Atua nos temas: Fluxos de Materiais e de Energia em Sistemas de Produção, Sustentabilidade, Análises de Ciclo de Vida e Viabilidade econômica de adoção de tecnologia. É Engenheiro Agrônomo pela Universidade de São Paulo (2000), mestre em Máquinas Agrícolas pela Universidade de São Paulo (2003) e doutor em Recursos Florestais pela Universidade de São Paulo (2007), tendo sido Research Associate do Center for Environmental Policy da University of Florida (2005-2006),  Professor Doutor (2008-2013) e Livre Docente em Mecânica e Máquinas Motoras pela Universidade de São Paulo (2013) . Fulbright Scholar - Cátedra de Ciências Agrárias na University of Nebraska/Lincoln (2017). Foi Chefe e Vice-Chefe do LEB, Presidente da Comissão de Relações Internacionais, Coodenador de Curso de Graduação, Vice-Diretor do Centro de Informática &quot;Luiz de Queiroz&quot; e atualmente é Presidente da Comissão de Graduação e Presidente da Comissão de Administração, Orçamento e Patrimônio da Esalq/USP.",21-11-2023,Universidade de São Paulo,https://orcid.org/0000-0001-5407-9031,006700000002,IN
5401789813032087,Escola Superior de Agricultura &quot;Luiz de Queiroz&quot;,000200000993,2012,2024,02,,Engenharia Agronômica,90000007,GRADUACAO,['0110113 - Introdução à Engenharia Agronômica'],Thiago Libório Romanelli,Romanelli,"ROMANELLI, T. L.;Romanelli, Thiago L.;Romanelli, Thiago Libório;ROMANELLI, THIAGO;Libório Romanelli, Thiago",Piracicaba,SP,"Professor Titular do Departamento de Engenharia de Biossistemas (LEB), Esalq/USP. Atua nos temas: Fluxos de Materiais e de Energia em Sistemas de Produção, Sustentabilidade, Análises de Ciclo de Vida e Viabilidade econômica de adoção de tecnologia. É Engenheiro Agrônomo pela Universidade de São Paulo (2000), mestre em Máquinas Agrícolas pela Universidade de São Paulo (2003) e doutor em Recursos Florestais pela Universidade de São Paulo (2007), tendo sido Research Associate do Center for Environmental Policy da University of Florida (2005-2006),  Professor Doutor (2008-2013) e Livre Docente em Mecânica e Máquinas Motoras pela Universidade de São Paulo (2013) . Fulbright Scholar - Cátedra de Ciências Agrárias na University of Nebraska/Lincoln (2017). Foi Chefe e Vice-Chefe do LEB, Presidente da Comissão de Relações Internacionais, Coodenador de Curso de Graduação, Vice-Diretor do Centro de Informática &quot;Luiz de Queiroz&quot; e atualmente é Presidente da Comissão de Graduação e Presidente da Comissão de Administração, Orçamento e Patrimônio da Esalq/USP.",21-11-2023,Universidade de São Paulo,https://orcid.org/0000-0001-5407-9031,006700000002,IN
5401789813032087,Escola Superior de Agricultura &quot;Luiz de Queiroz&quot;,000200000993,2016,2024,02,,Engenharia de Sistemas Agrícolas,90000021,POS-GRADUACAO,['Metodologia Científica e Preparação Pedagógica em Engenharia de Sistemas Agrícolas'],Thiago Libório Romanelli,Romanelli,"ROMANELLI, T. L.;Romanelli, Thiago L.;Romanelli, Thiago Libório;ROMANELLI, THIAGO;Libório Romanelli, Thiago",Piracicaba,SP,"Professor Titular do Departamento de Engenharia de Biossistemas (LEB), Esalq/USP. Atua nos temas: Fluxos de Materiais e de Energia em Sistemas de Produção, Sustentabilidade, Análises de Ciclo de Vida e Viabilidade econômica de adoção de tecnologia. É Engenheiro Agrônomo pela Universidade de São Paulo (2000), mestre em Máquinas Agrícolas pela Universidade de São Paulo (2003) e doutor em Recursos Florestais pela Universidade de São Paulo (2007), tendo sido Research Associate do Center for Environmental Policy da University of Florida (2005-2006),  Professor Doutor (2008-2013) e Livre Docente em Mecânica e Máquinas Motoras pela Universidade de São Paulo (2013) . Fulbright Scholar - Cátedra de Ciências Agrárias na University of Nebraska/Lincoln (2017). Foi Chefe e Vice-Chefe do LEB, Presidente da Comissão de Relações Internacionais, Coodenador de Curso de Graduação, Vice-Diretor do Centro de Informática &quot;Luiz de Queiroz&quot; e atualmente é Presidente da Comissão de Graduação e Presidente da Comissão de Administração, Orçamento e Patrimônio da Esalq/USP.",21-11-2023,Universidade de São Paulo,https://orcid.org/0000-0001-5407-9031,006700000002,IN
5859946324646438,Universidade do Estado de Mato Grosso,841500000008,2017,2017,03,07,Agronomia,60280700,GRADUACAO,"['Entomologia geral', 'Entomologia agrícola']",Maria Carolina da Silva Andrea,Andrea,"ANDREA, M. C. S.;ANDREA, MARIA CAROLINA DA SILVA;DA S. ANDREA, MARIA CAROLINA;Andréa, M. C. S.",Ribeirao Preto,SP,"Possui graduação em Engenharia Agronômica, Mestrado e Doutorado pelo Programa de Engenharia de Sistemas Agrícolas, realizados pela Universidade de São Paulo (USP/ESALQ).&#10;Na graduação participou de pesquisa relacionada com o uso eficiente de água e nitrogênio na produção de forrageiras destinadas à produção de bioetanol. No mestrado avaliou a eficiência do uso de insumos do ciclo de produção de forrageiras. Durante o doutorado utilizou modelo de desenvolvimento de culturas para avaliar a quebra de produtividade e lucratividade da produção da cultura do milho relacionada à variabilidade climática e aplicação de fertilizante nitrogenado.&#10;Atuou como pesquisadora de Pós-doutorado na Universidade do Estado de Mato Grosso - UNEMAT, e como professora do ensino superior na Universidade do Estado de Mato Grosso - UNEMAT, ministrando disciplinas da área de engenharia agrícola para o curso de bacharelado em agronomia.&#10;Atualmente atua como cientista de dados.&#10;Linha de pesquisa em gestão de sistemas de produção, agrometeorologia, sustentabilidade de sistemas de produção,  uso de modelos de desenvolvimento de culturas.",15-07-2022,Universidade do Estado de Mato Grosso,https://orcid.org/0000-0001-9633-6622,841500000008,IN
