ID,TITLE,SEQ_PROJ,YEAR,YEAR_FIN,NATURE,MEMBERS,COORDENA,ADDRESS_PPE_ENTERP,ADDRESS_PPE_ENTERP_CODE,FULL_NAME,LAST_NAME,CITADO,CITY,STATE,RESUME,UPDATE,ADDRESS_ENTERP,ORCID,ADDRESS_ENTERP_CODE,MEMBER_ORDER,COORDINATOR,ORDER_OK,ID_X,TEXT_CLEAN,FILTER_YEAR
3275865819287843,Otimização do sistema lavoura pecuária na região de Cáceres:,6,2007,2011,EXTENSAO,"['Rafael Cesar Tieppo', 'Petterson Baptista da Luz', 'Severino de Paiva Sobrinho', 'Zulema Netto Figueiredo', 'Marco Antonio Aparecido Barelli', 'Leonarda Grillo Neves']","['NAO', 'NAO', 'NAO', 'SIM', 'NAO', 'NAO']",Universidade do Estado de Mato Grosso,841500000008,Rafael Cesar Tieppo,Tieppo,"TIEPPO, R. C.;TIEPPO, RAFAEL CESAR;TIEPPO, RAFAEL CÉSAR;R. C. TIEPPO;TIEPPO, RAFAEL",Cascavel,PR,"Rafael Tieppo possui graduação em Engenharia Agícola pela Universidade Estadual do Oeste do Paraná (2001), mestrado em Engenharia Agrícola pela Universidade Estadual do Oeste do Paraná (2004) e doutorado em Engenharia de Sistemas Agrícolas pela Universidade de São Paulo, ESALQ-USP com período sanduíche na Aarhus University - Dinamarca. Atualmente é professor adjunto da Universidade do Estado de Mato Grosso. Tem experiência na área de Engenharia Agrícola, atuando no momento com os seguintes temas: agricultura digital, geoprocessamento e mecanização agrícola.",04-09-2024,Universidade do Estado de Mato Grosso,http://orcid.org/0000-0001-8132-4813,841500000008,1,NAO,1,37,otimização sistema lavoura pecuária região cáceres,IN
3275865819287843,Demanda Energetica eViabilidade Tecnica-Economica de Implantação deEnergia Solar para o Processo de Industrialização de Mel de Abelha para a Região De Cáceres/MT,4,2009,2011,PESQUISA,"['Rafael Cesar Tieppo', 'Luís César da Silva', 'Edney Alves Magalhães']","['SIM', 'NAO', 'NAO']",Universidade do Estado de Mato Grosso,841500000008,Rafael Cesar Tieppo,Tieppo,"TIEPPO, R. C.;TIEPPO, RAFAEL CESAR;TIEPPO, RAFAEL CÉSAR;R. C. TIEPPO;TIEPPO, RAFAEL",Cascavel,PR,"Rafael Tieppo possui graduação em Engenharia Agícola pela Universidade Estadual do Oeste do Paraná (2001), mestrado em Engenharia Agrícola pela Universidade Estadual do Oeste do Paraná (2004) e doutorado em Engenharia de Sistemas Agrícolas pela Universidade de São Paulo, ESALQ-USP com período sanduíche na Aarhus University - Dinamarca. Atualmente é professor adjunto da Universidade do Estado de Mato Grosso. Tem experiência na área de Engenharia Agrícola, atuando no momento com os seguintes temas: agricultura digital, geoprocessamento e mecanização agrícola.",04-09-2024,Universidade do Estado de Mato Grosso,http://orcid.org/0000-0001-8132-4813,841500000008,1,SIM,0,35,demanda energetica eviabilidade tecnicaeconomica implantação deenergia solar processo industrialização mel abelha região cáceresmt,IN
3275865819287843,CETEGEO-SR - Centro Tecnológico de Geoprocessamento e Sensoriamento Remoto aplicado à produção de Biodiesel,5,2010,2024,PESQUISA,"['Rafael Cesar Tieppo', 'Rivanildo Dallacort']","['NAO', 'SIM']",Universidade do Estado de Mato Grosso,841500000008,Rafael Cesar Tieppo,Tieppo,"TIEPPO, R. C.;TIEPPO, RAFAEL CESAR;TIEPPO, RAFAEL CÉSAR;R. C. TIEPPO;TIEPPO, RAFAEL",Cascavel,PR,"Rafael Tieppo possui graduação em Engenharia Agícola pela Universidade Estadual do Oeste do Paraná (2001), mestrado em Engenharia Agrícola pela Universidade Estadual do Oeste do Paraná (2004) e doutorado em Engenharia de Sistemas Agrícolas pela Universidade de São Paulo, ESALQ-USP com período sanduíche na Aarhus University - Dinamarca. Atualmente é professor adjunto da Universidade do Estado de Mato Grosso. Tem experiência na área de Engenharia Agrícola, atuando no momento com os seguintes temas: agricultura digital, geoprocessamento e mecanização agrícola.",04-09-2024,Universidade do Estado de Mato Grosso,http://orcid.org/0000-0001-8132-4813,841500000008,1,NAO,1,36,cetegeosr  centro tecnológico geoprocessamento sensoriamento remoto aplicado produção biodiesel,IN
3275865819287843,Aplicação e transferência de tecnologias na otimização de sistemas agrícolas sustentáveis,7,2011,2015,PESQUISA,"['Rafael Cesar Tieppo', 'Maria Cândida Moitinho Nunes', 'Santino Seabra Júnior', 'Rivanildo Dallacort', 'Adalberto Santi']","['NAO', 'NAO', 'NAO', 'SIM', 'NAO']",Universidade do Estado de Mato Grosso,841500000008,Rafael Cesar Tieppo,Tieppo,"TIEPPO, R. C.;TIEPPO, RAFAEL CESAR;TIEPPO, RAFAEL CÉSAR;R. C. TIEPPO;TIEPPO, RAFAEL",Cascavel,PR,"Rafael Tieppo possui graduação em Engenharia Agícola pela Universidade Estadual do Oeste do Paraná (2001), mestrado em Engenharia Agrícola pela Universidade Estadual do Oeste do Paraná (2004) e doutorado em Engenharia de Sistemas Agrícolas pela Universidade de São Paulo, ESALQ-USP com período sanduíche na Aarhus University - Dinamarca. Atualmente é professor adjunto da Universidade do Estado de Mato Grosso. Tem experiência na área de Engenharia Agrícola, atuando no momento com os seguintes temas: agricultura digital, geoprocessamento e mecanização agrícola.",04-09-2024,Universidade do Estado de Mato Grosso,http://orcid.org/0000-0001-8132-4813,841500000008,1,NAO,1,38,aplicação transferência tecnologias otimização sistemas agrícolas sustentáveis,IN
3275865819287843,Fluxos de Energia e Custo Operacional de Sistemas Mecanizados na Produção de Grãos,13,2012,2015,PESQUISA,"['Rafael Cesar Tieppo', 'ROMANELLI, THIAGO L.']","['SIM', 'NAO']",Universidade de São Paulo,006700000002,Rafael Cesar Tieppo,Tieppo,"TIEPPO, R. C.;TIEPPO, RAFAEL CESAR;TIEPPO, RAFAEL CÉSAR;R. C. TIEPPO;TIEPPO, RAFAEL",Cascavel,PR,"Rafael Tieppo possui graduação em Engenharia Agícola pela Universidade Estadual do Oeste do Paraná (2001), mestrado em Engenharia Agrícola pela Universidade Estadual do Oeste do Paraná (2004) e doutorado em Engenharia de Sistemas Agrícolas pela Universidade de São Paulo, ESALQ-USP com período sanduíche na Aarhus University - Dinamarca. Atualmente é professor adjunto da Universidade do Estado de Mato Grosso. Tem experiência na área de Engenharia Agrícola, atuando no momento com os seguintes temas: agricultura digital, geoprocessamento e mecanização agrícola.",04-09-2024,Universidade do Estado de Mato Grosso,http://orcid.org/0000-0001-8132-4813,841500000008,1,SIM,0,60,fluxos energia custo operacional sistemas mecanizados produção grãos,IN
3275865819287843,"Diversificação e ampliação da base produtiva do Estado de Grosso, a partir do zoneamento agrícola da soja, feijão, cana-de-açúcar, girassol, crambe e pinhão-manso",9,2012,2014,PESQUISA,"['Rafael Cesar Tieppo', 'Rivanildo Dallacort', 'Adalberto Santi', 'MIRIAM H. INOUE', 'Alberto Zolin Cornélio', 'Paulo Sérgio Lourenço de Freitas', 'Karolina Ascari de Souza']","['NAO', 'SIM', 'NAO', 'NAO', 'NAO', 'NAO', 'NAO']",Universidade do Estado de Mato Grosso,841500000008,Rafael Cesar Tieppo,Tieppo,"TIEPPO, R. C.;TIEPPO, RAFAEL CESAR;TIEPPO, RAFAEL CÉSAR;R. C. TIEPPO;TIEPPO, RAFAEL",Cascavel,PR,"Rafael Tieppo possui graduação em Engenharia Agícola pela Universidade Estadual do Oeste do Paraná (2001), mestrado em Engenharia Agrícola pela Universidade Estadual do Oeste do Paraná (2004) e doutorado em Engenharia de Sistemas Agrícolas pela Universidade de São Paulo, ESALQ-USP com período sanduíche na Aarhus University - Dinamarca. Atualmente é professor adjunto da Universidade do Estado de Mato Grosso. Tem experiência na área de Engenharia Agrícola, atuando no momento com os seguintes temas: agricultura digital, geoprocessamento e mecanização agrícola.",04-09-2024,Universidade do Estado de Mato Grosso,http://orcid.org/0000-0001-8132-4813,841500000008,1,NAO,1,39,diversificação ampliação base produtiva estado grosso partir zoneamento agrícola soja feijão canadeaçúcar girassol crambe pinhãomanso,IN
3275865819287843,Diversificação e ampliação da base produtiva da bacia do Alto Paraguai como estratégia inovadora na otimização dos sistemas agrícolas regionais,10,2013,2016,PESQUISA,"['Rafael Cesar Tieppo', 'Rivanildo Dallacort', 'Adalberto Santi', 'Ronicely Pereira da Rocha', 'Márcio Osvaldo Magalhães', 'Rony Bert de Oliveira']","['NAO', 'SIM', 'NAO', 'NAO', 'NAO', 'NAO']",Universidade do Estado de Mato Grosso,841500000008,Rafael Cesar Tieppo,Tieppo,"TIEPPO, R. C.;TIEPPO, RAFAEL CESAR;TIEPPO, RAFAEL CÉSAR;R. C. TIEPPO;TIEPPO, RAFAEL",Cascavel,PR,"Rafael Tieppo possui graduação em Engenharia Agícola pela Universidade Estadual do Oeste do Paraná (2001), mestrado em Engenharia Agrícola pela Universidade Estadual do Oeste do Paraná (2004) e doutorado em Engenharia de Sistemas Agrícolas pela Universidade de São Paulo, ESALQ-USP com período sanduíche na Aarhus University - Dinamarca. Atualmente é professor adjunto da Universidade do Estado de Mato Grosso. Tem experiência na área de Engenharia Agrícola, atuando no momento com os seguintes temas: agricultura digital, geoprocessamento e mecanização agrícola.",04-09-2024,Universidade do Estado de Mato Grosso,http://orcid.org/0000-0001-8132-4813,841500000008,1,NAO,1,40,diversificação ampliação base produtiva bacia alto paraguai estratégia inovadora otimização sistemas agrícolas regionais,IN
3275865819287843,Otimização dos recursos hídricos aplicados a culturas agrícolas no Estado de Mato Grosso - Brasil,11,2015,2020,PESQUISA,"['Rafael Cesar Tieppo', 'Santino Seabra Júnior', 'Rivanildo Dallacort', 'Adalberto Santi', 'Cleonir Andrade Faria Júnior', 'Willian Fenner', 'João Danilo Barbieri', 'Karolina Ascari de Souza', 'Marco Antônio Camilo de Carvalho']","['NAO', 'NAO', 'SIM', 'NAO', 'NAO', 'NAO', 'NAO', 'NAO', 'NAO']",Universidade do Estado de Mato Grosso,841500000008,Rafael Cesar Tieppo,Tieppo,"TIEPPO, R. C.;TIEPPO, RAFAEL CESAR;TIEPPO, RAFAEL CÉSAR;R. C. TIEPPO;TIEPPO, RAFAEL",Cascavel,PR,"Rafael Tieppo possui graduação em Engenharia Agícola pela Universidade Estadual do Oeste do Paraná (2001), mestrado em Engenharia Agrícola pela Universidade Estadual do Oeste do Paraná (2004) e doutorado em Engenharia de Sistemas Agrícolas pela Universidade de São Paulo, ESALQ-USP com período sanduíche na Aarhus University - Dinamarca. Atualmente é professor adjunto da Universidade do Estado de Mato Grosso. Tem experiência na área de Engenharia Agrícola, atuando no momento com os seguintes temas: agricultura digital, geoprocessamento e mecanização agrícola.",04-09-2024,Universidade do Estado de Mato Grosso,http://orcid.org/0000-0001-8132-4813,841500000008,1,NAO,1,41,otimização recursos hídricos aplicados culturas agrícolas estado mato grosso  brasil,IN
3275865819287843,Variabilidade da temperatura e evaporação da água sob diferentes coberturas de solo e sua influência no Kc dual da cultura do milho,12,2015,2017,PESQUISA,"['Rafael Cesar Tieppo', 'Santino Seabra Júnior', 'Rivanildo Dallacort', 'Cleonir Andrade Faria Júnior', 'SANTI, ADALBERTO', 'João Danilo Barbieri', 'Ronicely Pereira da Rocha', 'Dejânia Vieira de Araújo', 'Anísio da Silva Nunes', 'Paulo Sérgio Lourenço de Freitas', 'Karolina Ascari de Souza', 'Márcio Osvaldo Magalhães', 'Marco Antônio Camilo de Carvalho', 'Olaurildes Correntes']","['NAO', 'NAO', 'SIM', 'NAO', 'NAO', 'NAO', 'NAO', 'NAO', 'NAO', 'NAO', 'NAO', 'NAO', 'NAO', 'NAO']",Universidade do Estado de Mato Grosso,841500000008,Rafael Cesar Tieppo,Tieppo,"TIEPPO, R. C.;TIEPPO, RAFAEL CESAR;TIEPPO, RAFAEL CÉSAR;R. C. TIEPPO;TIEPPO, RAFAEL",Cascavel,PR,"Rafael Tieppo possui graduação em Engenharia Agícola pela Universidade Estadual do Oeste do Paraná (2001), mestrado em Engenharia Agrícola pela Universidade Estadual do Oeste do Paraná (2004) e doutorado em Engenharia de Sistemas Agrícolas pela Universidade de São Paulo, ESALQ-USP com período sanduíche na Aarhus University - Dinamarca. Atualmente é professor adjunto da Universidade do Estado de Mato Grosso. Tem experiência na área de Engenharia Agrícola, atuando no momento com os seguintes temas: agricultura digital, geoprocessamento e mecanização agrícola.",04-09-2024,Universidade do Estado de Mato Grosso,http://orcid.org/0000-0001-8132-4813,841500000008,1,NAO,1,42,variabilidade temperatura evaporação água sob diferentes coberturas solo influência kc dual cultura milho,IN
3275865819287843,Projeto de extensão em Engenharia de Sistemas Agrícolas,12,2016,2018,EXTENSAO,"['Rafael Cesar Tieppo', 'Rivanildo Dallacort', 'Adalberto Santi', 'Ricardo José da Silva']","['SIM', 'NAO', 'NAO', 'NAO']",Universidade do Estado de Mato Grosso,841500000008,Rafael Cesar Tieppo,Tieppo,"TIEPPO, R. C.;TIEPPO, RAFAEL CESAR;TIEPPO, RAFAEL CÉSAR;R. C. TIEPPO;TIEPPO, RAFAEL",Cascavel,PR,"Rafael Tieppo possui graduação em Engenharia Agícola pela Universidade Estadual do Oeste do Paraná (2001), mestrado em Engenharia Agrícola pela Universidade Estadual do Oeste do Paraná (2004) e doutorado em Engenharia de Sistemas Agrícolas pela Universidade de São Paulo, ESALQ-USP com período sanduíche na Aarhus University - Dinamarca. Atualmente é professor adjunto da Universidade do Estado de Mato Grosso. Tem experiência na área de Engenharia Agrícola, atuando no momento com os seguintes temas: agricultura digital, geoprocessamento e mecanização agrícola.",04-09-2024,Universidade do Estado de Mato Grosso,http://orcid.org/0000-0001-8132-4813,841500000008,1,SIM,0,43,projeto extensão engenharia sistemas agrícolas,IN
3275865819287843,Modelo para predição de dias agronomicamente viáveis para operações agrícolas mecanizadas,14,2017,2021,PESQUISA,"['Rafael Cesar Tieppo', 'Erivelto Mercante', 'Adalberto Santi', 'ROMANELLI, THIAGO L.', 'Maria Carolina da Silva Andrea', 'Rivanildo Dallacort', 'João Danilo Barbieri', 'André Tavares de Vasconcelos', 'Emili Ferreira Campachi', 'Julia Gallo Barreto']","['SIM', 'NAO', 'NAO', 'NAO', 'NAO', 'NAO', 'NAO', 'NAO', 'NAO', 'NAO']",Universidade do Estado de Mato Grosso,841500000008,Rafael Cesar Tieppo,Tieppo,"TIEPPO, R. C.;TIEPPO, RAFAEL CESAR;TIEPPO, RAFAEL CÉSAR;R. C. TIEPPO;TIEPPO, RAFAEL",Cascavel,PR,"Rafael Tieppo possui graduação em Engenharia Agícola pela Universidade Estadual do Oeste do Paraná (2001), mestrado em Engenharia Agrícola pela Universidade Estadual do Oeste do Paraná (2004) e doutorado em Engenharia de Sistemas Agrícolas pela Universidade de São Paulo, ESALQ-USP com período sanduíche na Aarhus University - Dinamarca. Atualmente é professor adjunto da Universidade do Estado de Mato Grosso. Tem experiência na área de Engenharia Agrícola, atuando no momento com os seguintes temas: agricultura digital, geoprocessamento e mecanização agrícola.",04-09-2024,Universidade do Estado de Mato Grosso,http://orcid.org/0000-0001-8132-4813,841500000008,1,SIM,0,44,modelo predição dias agronomicamente viáveis operações agrícolas mecanizadas,IN
3275865819287843,Geotecnologias aplicadas à mudanças climáticas e agricultura digital - GEOCLIMAT-MT,15,2018,2020,EXTENSAO,"['Rafael Cesar Tieppo', 'MORAES DIAS, VANESSA RAKEL', 'Rivanildo Dallacort', 'Wini da Rocha Clarindo']","['SIM', 'NAO', 'NAO', 'NAO']",Universidade do Estado de Mato Grosso,841500000008,Rafael Cesar Tieppo,Tieppo,"TIEPPO, R. C.;TIEPPO, RAFAEL CESAR;TIEPPO, RAFAEL CÉSAR;R. C. TIEPPO;TIEPPO, RAFAEL",Cascavel,PR,"Rafael Tieppo possui graduação em Engenharia Agícola pela Universidade Estadual do Oeste do Paraná (2001), mestrado em Engenharia Agrícola pela Universidade Estadual do Oeste do Paraná (2004) e doutorado em Engenharia de Sistemas Agrícolas pela Universidade de São Paulo, ESALQ-USP com período sanduíche na Aarhus University - Dinamarca. Atualmente é professor adjunto da Universidade do Estado de Mato Grosso. Tem experiência na área de Engenharia Agrícola, atuando no momento com os seguintes temas: agricultura digital, geoprocessamento e mecanização agrícola.",04-09-2024,Universidade do Estado de Mato Grosso,http://orcid.org/0000-0001-8132-4813,841500000008,1,SIM,0,45,geotecnologias aplicadas mudanças climáticas agricultura digital  geoclimatmt,IN
3275865819287843,Uso de imagens de satélites e variáveis climáticas para estimativa da produtividade da cultura do milho,16,2019,2024,PESQUISA,"['Rafael Cesar Tieppo', 'Maria Carolina da Silva Andrea', 'MORAES DIAS, VANESSA RAKEL', 'BARBIERI, JOÃO DANILO', 'Emili Ferreira Campachi', 'Julia Gallo Barreto', 'Diego F Daniel', 'Rivanildo Dallacort', 'Wini da Rocha Clarindo', 'Diennyfer Letícia das Chagas Ramos', 'Gabriel Virgílio Barboza', 'Vitor Alfeu Guedes']","['SIM', 'NAO', 'NAO', 'NAO', 'NAO', 'NAO', 'NAO', 'NAO', 'NAO', 'NAO', 'NAO', 'NAO']",Universidade do Estado de Mato Grosso,841500000008,Rafael Cesar Tieppo,Tieppo,"TIEPPO, R. C.;TIEPPO, RAFAEL CESAR;TIEPPO, RAFAEL CÉSAR;R. C. TIEPPO;TIEPPO, RAFAEL",Cascavel,PR,"Rafael Tieppo possui graduação em Engenharia Agícola pela Universidade Estadual do Oeste do Paraná (2001), mestrado em Engenharia Agrícola pela Universidade Estadual do Oeste do Paraná (2004) e doutorado em Engenharia de Sistemas Agrícolas pela Universidade de São Paulo, ESALQ-USP com período sanduíche na Aarhus University - Dinamarca. Atualmente é professor adjunto da Universidade do Estado de Mato Grosso. Tem experiência na área de Engenharia Agrícola, atuando no momento com os seguintes temas: agricultura digital, geoprocessamento e mecanização agrícola.",04-09-2024,Universidade do Estado de Mato Grosso,http://orcid.org/0000-0001-8132-4813,841500000008,1,SIM,0,46,uso imagens satélites variáveis climáticas estimativa produtividade cultura milho,IN
3275865819287843,"Competição hídrica, variabilidade térmica e influência no Kc Dual do milho em monocultivo e consorciado com crotalária",25,2019,2022,PESQUISA,"['Rafael Cesar Tieppo', 'Santino Seabra Júnior', 'ARAÚJO, DEJÂNIA VIEIRA DE', 'Rivanildo Dallacort', 'ANDREA, MARIA CAROLINA DA SILVA', 'FREITAS, PAULO SÉRGIO LOURENÇO DE', 'DANIEL, DIEGO FERNANDO', 'CARVALHO, MARCO ANTONIO CAMILLO DE', 'Tadeu Miranda de Queiroz', 'Raimundo Nonato Cunha de França']","['NAO', 'NAO', 'NAO', 'SIM', 'NAO', 'NAO', 'NAO', 'NAO', 'NAO', 'NAO']",Universidade do Estado de Mato Grosso,841500000008,Rafael Cesar Tieppo,Tieppo,"TIEPPO, R. C.;TIEPPO, RAFAEL CESAR;TIEPPO, RAFAEL CÉSAR;R. C. TIEPPO;TIEPPO, RAFAEL",Cascavel,PR,"Rafael Tieppo possui graduação em Engenharia Agícola pela Universidade Estadual do Oeste do Paraná (2001), mestrado em Engenharia Agrícola pela Universidade Estadual do Oeste do Paraná (2004) e doutorado em Engenharia de Sistemas Agrícolas pela Universidade de São Paulo, ESALQ-USP com período sanduíche na Aarhus University - Dinamarca. Atualmente é professor adjunto da Universidade do Estado de Mato Grosso. Tem experiência na área de Engenharia Agrícola, atuando no momento com os seguintes temas: agricultura digital, geoprocessamento e mecanização agrícola.",04-09-2024,Universidade do Estado de Mato Grosso,http://orcid.org/0000-0001-8132-4813,841500000008,1,NAO,1,53,competição hídrica variabilidade térmica influência kc dual milho monocultivo consorciado crotalária,IN
3275865819287843,"Projeto de extensão GeoClimaMT - Boeltim, vídeos, cursos e palestras para difusão de conhecimento técnico",17,2020,2021,EXTENSAO,"['Rafael Cesar Tieppo', 'Willian Fenner', 'MORAES DIAS, VANESSA RAKEL', 'Rivanildo Dallacort']","['SIM', 'NAO', 'NAO', 'NAO']",Universidade do Estado de Mato Grosso,841500000008,Rafael Cesar Tieppo,Tieppo,"TIEPPO, R. C.;TIEPPO, RAFAEL CESAR;TIEPPO, RAFAEL CÉSAR;R. C. TIEPPO;TIEPPO, RAFAEL",Cascavel,PR,"Rafael Tieppo possui graduação em Engenharia Agícola pela Universidade Estadual do Oeste do Paraná (2001), mestrado em Engenharia Agrícola pela Universidade Estadual do Oeste do Paraná (2004) e doutorado em Engenharia de Sistemas Agrícolas pela Universidade de São Paulo, ESALQ-USP com período sanduíche na Aarhus University - Dinamarca. Atualmente é professor adjunto da Universidade do Estado de Mato Grosso. Tem experiência na área de Engenharia Agrícola, atuando no momento com os seguintes temas: agricultura digital, geoprocessamento e mecanização agrícola.",04-09-2024,Universidade do Estado de Mato Grosso,http://orcid.org/0000-0001-8132-4813,841500000008,1,SIM,0,47,projeto extensão geoclimamt  boeltim vídeos cursos palestras difusão conhecimento técnico,IN
3275865819287843,Programa extensão: GeoClima-MT: Difusão de Geotecnologias e Informações Climáticas no Desenvolvimento Regional,20,2020,2021,EXTENSAO,"['Rafael Cesar Tieppo', 'MORAES DIAS, VANESSA RAKEL', 'Rivanildo Dallacort', 'Edenir Maria Serigatto']","['NAO', 'NAO', 'SIM', 'NAO']",Universidade do Estado de Mato Grosso,841500000008,Rafael Cesar Tieppo,Tieppo,"TIEPPO, R. C.;TIEPPO, RAFAEL CESAR;TIEPPO, RAFAEL CÉSAR;R. C. TIEPPO;TIEPPO, RAFAEL",Cascavel,PR,"Rafael Tieppo possui graduação em Engenharia Agícola pela Universidade Estadual do Oeste do Paraná (2001), mestrado em Engenharia Agrícola pela Universidade Estadual do Oeste do Paraná (2004) e doutorado em Engenharia de Sistemas Agrícolas pela Universidade de São Paulo, ESALQ-USP com período sanduíche na Aarhus University - Dinamarca. Atualmente é professor adjunto da Universidade do Estado de Mato Grosso. Tem experiência na área de Engenharia Agrícola, atuando no momento com os seguintes temas: agricultura digital, geoprocessamento e mecanização agrícola.",04-09-2024,Universidade do Estado de Mato Grosso,http://orcid.org/0000-0001-8132-4813,841500000008,1,NAO,1,49,programa extensão geoclimamt difusão geotecnologias informações climáticas desenvolvimento regional,IN
3275865819287843,Estudo de variáveis climáticas para o planejamento agrícola,19,2022,2024,PESQUISA,"['Rafael Cesar Tieppo', 'Erivelto Mercante', 'ROMANELLI, THIAGO L.', 'Ronicely Pereira da Rocha', 'MORAES DIAS, VANESSA RAKEL', 'Rivanildo Dallacort']","['SIM', 'NAO', 'NAO', 'NAO', 'NAO', 'NAO']",Universidade do Estado de Mato Grosso,841500000008,Rafael Cesar Tieppo,Tieppo,"TIEPPO, R. C.;TIEPPO, RAFAEL CESAR;TIEPPO, RAFAEL CÉSAR;R. C. TIEPPO;TIEPPO, RAFAEL",Cascavel,PR,"Rafael Tieppo possui graduação em Engenharia Agícola pela Universidade Estadual do Oeste do Paraná (2001), mestrado em Engenharia Agrícola pela Universidade Estadual do Oeste do Paraná (2004) e doutorado em Engenharia de Sistemas Agrícolas pela Universidade de São Paulo, ESALQ-USP com período sanduíche na Aarhus University - Dinamarca. Atualmente é professor adjunto da Universidade do Estado de Mato Grosso. Tem experiência na área de Engenharia Agrícola, atuando no momento com os seguintes temas: agricultura digital, geoprocessamento e mecanização agrícola.",04-09-2024,Universidade do Estado de Mato Grosso,http://orcid.org/0000-0001-8132-4813,841500000008,1,SIM,0,48,estudo variáveis climáticas planejamento agrícola,IN
3275865819287843,"GeoClimaMT: Vídeos, Cursos e Palestras para difusão de conhecimento técnico",21,2022,2023,EXTENSAO,"['Rafael Cesar Tieppo', 'MORAES DIAS, VANESSA RAKEL', 'Rivanildo Dallacort', 'Danielle Storck Tonon']","['SIM', 'NAO', 'NAO', 'NAO']",Universidade do Estado de Mato Grosso,841500000008,Rafael Cesar Tieppo,Tieppo,"TIEPPO, R. C.;TIEPPO, RAFAEL CESAR;TIEPPO, RAFAEL CÉSAR;R. C. TIEPPO;TIEPPO, RAFAEL",Cascavel,PR,"Rafael Tieppo possui graduação em Engenharia Agícola pela Universidade Estadual do Oeste do Paraná (2001), mestrado em Engenharia Agrícola pela Universidade Estadual do Oeste do Paraná (2004) e doutorado em Engenharia de Sistemas Agrícolas pela Universidade de São Paulo, ESALQ-USP com período sanduíche na Aarhus University - Dinamarca. Atualmente é professor adjunto da Universidade do Estado de Mato Grosso. Tem experiência na área de Engenharia Agrícola, atuando no momento com os seguintes temas: agricultura digital, geoprocessamento e mecanização agrícola.",04-09-2024,Universidade do Estado de Mato Grosso,http://orcid.org/0000-0001-8132-4813,841500000008,1,SIM,0,52,geoclimamt vídeos cursos palestras difusão conhecimento técnico,IN
3275865819287843,GeoClimaMT: Centro de acesso a tecnologias para inclusão social,22,2022,2023,EXTENSAO,"['Rafael Cesar Tieppo', 'MORAES DIAS, VANESSA RAKEL', 'Rivanildo Dallacort', 'Edenir Maria Serigatto']","['NAO', 'SIM', 'NAO', 'NAO']",Universidade do Estado de Mato Grosso,841500000008,Rafael Cesar Tieppo,Tieppo,"TIEPPO, R. C.;TIEPPO, RAFAEL CESAR;TIEPPO, RAFAEL CÉSAR;R. C. TIEPPO;TIEPPO, RAFAEL",Cascavel,PR,"Rafael Tieppo possui graduação em Engenharia Agícola pela Universidade Estadual do Oeste do Paraná (2001), mestrado em Engenharia Agrícola pela Universidade Estadual do Oeste do Paraná (2004) e doutorado em Engenharia de Sistemas Agrícolas pela Universidade de São Paulo, ESALQ-USP com período sanduíche na Aarhus University - Dinamarca. Atualmente é professor adjunto da Universidade do Estado de Mato Grosso. Tem experiência na área de Engenharia Agrícola, atuando no momento com os seguintes temas: agricultura digital, geoprocessamento e mecanização agrícola.",04-09-2024,Universidade do Estado de Mato Grosso,http://orcid.org/0000-0001-8132-4813,841500000008,1,NAO,1,50,geoclimamt centro acesso tecnologias inclusão social,IN
3275865819287843,GeoclimaMT: Monitoramento e difusão de informações meteorológicas para o desenvolvimento agroambiental do estado de Mato Grosso,23,2022,2023,EXTENSAO,"['Rafael Cesar Tieppo', 'Adalberto Santi', 'MORAES DIAS, VANESSA RAKEL', 'Rivanildo Dallacort']","['NAO', 'NAO', 'NAO', 'SIM']",Universidade do Estado de Mato Grosso,841500000008,Rafael Cesar Tieppo,Tieppo,"TIEPPO, R. C.;TIEPPO, RAFAEL CESAR;TIEPPO, RAFAEL CÉSAR;R. C. TIEPPO;TIEPPO, RAFAEL",Cascavel,PR,"Rafael Tieppo possui graduação em Engenharia Agícola pela Universidade Estadual do Oeste do Paraná (2001), mestrado em Engenharia Agrícola pela Universidade Estadual do Oeste do Paraná (2004) e doutorado em Engenharia de Sistemas Agrícolas pela Universidade de São Paulo, ESALQ-USP com período sanduíche na Aarhus University - Dinamarca. Atualmente é professor adjunto da Universidade do Estado de Mato Grosso. Tem experiência na área de Engenharia Agrícola, atuando no momento com os seguintes temas: agricultura digital, geoprocessamento e mecanização agrícola.",04-09-2024,Universidade do Estado de Mato Grosso,http://orcid.org/0000-0001-8132-4813,841500000008,1,NAO,1,51,geoclimamt monitoramento difusão informações meteorológicas desenvolvimento agroambiental estado mato grosso,IN
3275865819287843,Redução de perdas na produtividade (soja milho) devido a variabilidade climática no Mato Grosso},24,2022,2024,PESQUISA,"['Rafael Cesar Tieppo', 'Santino Seabra Júnior', 'Rivanildo Dallacort', 'Ronicely Pereira da Rocha', 'Marco Antônio Camilo de Carvalho', 'MORAES DIAS, VANESSA RAKEL', 'Oscar Mitsuo Yamashita']","['NAO', 'NAO', 'SIM', 'NAO', 'NAO', 'NAO', 'NAO']",Universidade do Estado de Mato Grosso,841500000008,Rafael Cesar Tieppo,Tieppo,"TIEPPO, R. C.;TIEPPO, RAFAEL CESAR;TIEPPO, RAFAEL CÉSAR;R. C. TIEPPO;TIEPPO, RAFAEL",Cascavel,PR,"Rafael Tieppo possui graduação em Engenharia Agícola pela Universidade Estadual do Oeste do Paraná (2001), mestrado em Engenharia Agrícola pela Universidade Estadual do Oeste do Paraná (2004) e doutorado em Engenharia de Sistemas Agrícolas pela Universidade de São Paulo, ESALQ-USP com período sanduíche na Aarhus University - Dinamarca. Atualmente é professor adjunto da Universidade do Estado de Mato Grosso. Tem experiência na área de Engenharia Agrícola, atuando no momento com os seguintes temas: agricultura digital, geoprocessamento e mecanização agrícola.",04-09-2024,Universidade do Estado de Mato Grosso,http://orcid.org/0000-0001-8132-4813,841500000008,1,NAO,1,58,redução perdas produtividade soja milho devido variabilidade climática mato grosso,IN
3275865819287843,"Uso de geotecnologias como suporte no desenvolvimento social, econômico e ambiental",29,2023,2024,PESQUISA,"['Rafael Cesar Tieppo', 'Erivelto Mercante', 'Rivanildo Dallacort', 'Maria Carolina da Silva Andrea', 'Ronicely Pereira da Rocha', 'MORAES DIAS, VANESSA RAKEL', 'Raimundo Nonato Cunha de França', 'Raquel Santos de Andrade Cachone', 'LAURO MULLER QUEIROZ']","['SIM', 'NAO', 'NAO', 'NAO', 'NAO', 'NAO', 'NAO', 'NAO', 'NAO']",Universidade do Estado de Mato Grosso,841500000008,Rafael Cesar Tieppo,Tieppo,"TIEPPO, R. C.;TIEPPO, RAFAEL CESAR;TIEPPO, RAFAEL CÉSAR;R. C. TIEPPO;TIEPPO, RAFAEL",Cascavel,PR,"Rafael Tieppo possui graduação em Engenharia Agícola pela Universidade Estadual do Oeste do Paraná (2001), mestrado em Engenharia Agrícola pela Universidade Estadual do Oeste do Paraná (2004) e doutorado em Engenharia de Sistemas Agrícolas pela Universidade de São Paulo, ESALQ-USP com período sanduíche na Aarhus University - Dinamarca. Atualmente é professor adjunto da Universidade do Estado de Mato Grosso. Tem experiência na área de Engenharia Agrícola, atuando no momento com os seguintes temas: agricultura digital, geoprocessamento e mecanização agrícola.",04-09-2024,Universidade do Estado de Mato Grosso,http://orcid.org/0000-0001-8132-4813,841500000008,1,SIM,0,57,uso geotecnologias suporte desenvolvimento social econômico ambiental,IN
3275865819287843,GeoclimaMT: Centro de acesso a tecnologias para inclusão social 2023/24,26,2023,2024,EXTENSAO,"['Rafael Cesar Tieppo', 'Rivanildo Dallacort', 'MORAES DIAS, VANESSA RAKEL', 'Edenir Maria Serigatto']","['NAO', 'NAO', 'SIM', 'NAO']",Universidade do Estado de Mato Grosso,841500000008,Rafael Cesar Tieppo,Tieppo,"TIEPPO, R. C.;TIEPPO, RAFAEL CESAR;TIEPPO, RAFAEL CÉSAR;R. C. TIEPPO;TIEPPO, RAFAEL",Cascavel,PR,"Rafael Tieppo possui graduação em Engenharia Agícola pela Universidade Estadual do Oeste do Paraná (2001), mestrado em Engenharia Agrícola pela Universidade Estadual do Oeste do Paraná (2004) e doutorado em Engenharia de Sistemas Agrícolas pela Universidade de São Paulo, ESALQ-USP com período sanduíche na Aarhus University - Dinamarca. Atualmente é professor adjunto da Universidade do Estado de Mato Grosso. Tem experiência na área de Engenharia Agrícola, atuando no momento com os seguintes temas: agricultura digital, geoprocessamento e mecanização agrícola.",04-09-2024,Universidade do Estado de Mato Grosso,http://orcid.org/0000-0001-8132-4813,841500000008,1,NAO,1,54,geoclimamt centro acesso tecnologias inclusão social 202324,IN
3275865819287843,Mais Ciência: Divulgação Científica e Tecnológica,27,2023,2024,EXTENSAO,"['Rafael Cesar Tieppo', 'MORAES DIAS, VANESSA RAKEL', 'Rivanildo Dallacort', 'Edenir Maria Serigatto']","['NAO', 'SIM', 'NAO', 'NAO']",Universidade do Estado de Mato Grosso,841500000008,Rafael Cesar Tieppo,Tieppo,"TIEPPO, R. C.;TIEPPO, RAFAEL CESAR;TIEPPO, RAFAEL CÉSAR;R. C. TIEPPO;TIEPPO, RAFAEL",Cascavel,PR,"Rafael Tieppo possui graduação em Engenharia Agícola pela Universidade Estadual do Oeste do Paraná (2001), mestrado em Engenharia Agrícola pela Universidade Estadual do Oeste do Paraná (2004) e doutorado em Engenharia de Sistemas Agrícolas pela Universidade de São Paulo, ESALQ-USP com período sanduíche na Aarhus University - Dinamarca. Atualmente é professor adjunto da Universidade do Estado de Mato Grosso. Tem experiência na área de Engenharia Agrícola, atuando no momento com os seguintes temas: agricultura digital, geoprocessamento e mecanização agrícola.",04-09-2024,Universidade do Estado de Mato Grosso,http://orcid.org/0000-0001-8132-4813,841500000008,1,NAO,1,55,ciência divulgação científica tecnológica,IN
5401789813032087,Recuperação do acervo histórico sobre tratores agrícolas,1,2009,2010,DESENVOLVIMENTO,"['Thiago Libório Romanelli', 'Anibal Deboni Neto']","['SIM', 'NAO']",Escola Superior de Agricultura &quot;Luiz de Queiroz&quot;,000200000993,Thiago Libório Romanelli,Romanelli,"ROMANELLI, T. L.;Romanelli, Thiago L.;Romanelli, Thiago Libório;ROMANELLI, THIAGO;Libório Romanelli, Thiago",Piracicaba,SP,"Professor Titular do Departamento de Engenharia de Biossistemas (LEB), Esalq/USP. Atua nos temas: Fluxos de Materiais e de Energia em Sistemas de Produção, Sustentabilidade, Análises de Ciclo de Vida e Viabilidade econômica de adoção de tecnologia. É Engenheiro Agrônomo pela Universidade de São Paulo (2000), mestre em Máquinas Agrícolas pela Universidade de São Paulo (2003) e doutor em Recursos Florestais pela Universidade de São Paulo (2007), tendo sido Research Associate do Center for Environmental Policy da University of Florida (2005-2006),  Professor Doutor (2008-2013) e Livre Docente em Mecânica e Máquinas Motoras pela Universidade de São Paulo (2013) . Fulbright Scholar - Cátedra de Ciências Agrárias na University of Nebraska/Lincoln (2017). Foi Chefe e Vice-Chefe do LEB, Presidente da Comissão de Relações Internacionais, Coodenador de Curso de Graduação, Vice-Diretor do Centro de Informática &quot;Luiz de Queiroz&quot; e atualmente é Presidente da Comissão de Graduação e Presidente da Comissão de Administração, Orçamento e Patrimônio da Esalq/USP.",21-11-2023,Universidade de São Paulo,https://orcid.org/0000-0001-5407-9031,006700000002,1,SIM,0,1,recuperação acervo histórico sobre tratores agrícolas,IN
5401789813032087,Projeto Rede FertBrasil,4,2009,2012,PESQUISA,"['Thiago Libório Romanelli', 'Vinicus de Melo Benites', 'Joyce Maria Guimarães Monteiro', 'Adriana Marlene Moreno Pires']","['NAO', 'SIM', 'NAO', 'NAO']",Escola Superior de Agricultura &quot;Luiz de Queiroz&quot;,000200000993,Thiago Libório Romanelli,Romanelli,"ROMANELLI, T. L.;Romanelli, Thiago L.;Romanelli, Thiago Libório;ROMANELLI, THIAGO;Libório Romanelli, Thiago",Piracicaba,SP,"Professor Titular do Departamento de Engenharia de Biossistemas (LEB), Esalq/USP. Atua nos temas: Fluxos de Materiais e de Energia em Sistemas de Produção, Sustentabilidade, Análises de Ciclo de Vida e Viabilidade econômica de adoção de tecnologia. É Engenheiro Agrônomo pela Universidade de São Paulo (2000), mestre em Máquinas Agrícolas pela Universidade de São Paulo (2003) e doutor em Recursos Florestais pela Universidade de São Paulo (2007), tendo sido Research Associate do Center for Environmental Policy da University of Florida (2005-2006),  Professor Doutor (2008-2013) e Livre Docente em Mecânica e Máquinas Motoras pela Universidade de São Paulo (2013) . Fulbright Scholar - Cátedra de Ciências Agrárias na University of Nebraska/Lincoln (2017). Foi Chefe e Vice-Chefe do LEB, Presidente da Comissão de Relações Internacionais, Coodenador de Curso de Graduação, Vice-Diretor do Centro de Informática &quot;Luiz de Queiroz&quot; e atualmente é Presidente da Comissão de Graduação e Presidente da Comissão de Administração, Orçamento e Patrimônio da Esalq/USP.",21-11-2023,Universidade de São Paulo,https://orcid.org/0000-0001-5407-9031,006700000002,1,NAO,1,3,projeto rede fertbrasil,IN
5401789813032087,Ecologia e manejo florestal para uso múltiplo de várzeas do estuário amazônico,5,2009,2012,PESQUISA,"['Thiago Libório Romanelli', 'Marcelino Carneiro Guedes', 'Eleneide Doff Sotta']","['NAO', 'SIM', 'NAO']",Escola Superior de Agricultura &quot;Luiz de Queiroz&quot;,000200000993,Thiago Libório Romanelli,Romanelli,"ROMANELLI, T. L.;Romanelli, Thiago L.;Romanelli, Thiago Libório;ROMANELLI, THIAGO;Libório Romanelli, Thiago",Piracicaba,SP,"Professor Titular do Departamento de Engenharia de Biossistemas (LEB), Esalq/USP. Atua nos temas: Fluxos de Materiais e de Energia em Sistemas de Produção, Sustentabilidade, Análises de Ciclo de Vida e Viabilidade econômica de adoção de tecnologia. É Engenheiro Agrônomo pela Universidade de São Paulo (2000), mestre em Máquinas Agrícolas pela Universidade de São Paulo (2003) e doutor em Recursos Florestais pela Universidade de São Paulo (2007), tendo sido Research Associate do Center for Environmental Policy da University of Florida (2005-2006),  Professor Doutor (2008-2013) e Livre Docente em Mecânica e Máquinas Motoras pela Universidade de São Paulo (2013) . Fulbright Scholar - Cátedra de Ciências Agrárias na University of Nebraska/Lincoln (2017). Foi Chefe e Vice-Chefe do LEB, Presidente da Comissão de Relações Internacionais, Coodenador de Curso de Graduação, Vice-Diretor do Centro de Informática &quot;Luiz de Queiroz&quot; e atualmente é Presidente da Comissão de Graduação e Presidente da Comissão de Administração, Orçamento e Patrimônio da Esalq/USP.",21-11-2023,Universidade de São Paulo,https://orcid.org/0000-0001-5407-9031,006700000002,1,NAO,1,4,ecologia manejo florestal uso múltiplo várzeas estuário amazônico,IN
5401789813032087,"Sistemas de monitoramento, tomada de decisão, recomendação e intervenções para aplicação de fertilizantes em taxa variável e avaliação de indicadores de qualidade em lavouras com o uso de sensores de refletância para plantas e solo.",3,2009,2014,PESQUISA,"['Thiago Libório Romanelli', 'Marcos Milan', 'José Paulo Molin', 'Carlos Alberto Vettorazzi', 'Antonio Mauro Saraiva', 'Rubens Angulo Filho', 'José Alexandre Melo Demattê', 'Carlos Eduardo Cugnasca', 'Peterson Ricardo Fiorio', 'Andre Riyhuiti Hirakawa', 'Pedro Luiz Pizzigatti Correa']","['NAO', 'NAO', 'SIM', 'NAO', 'NAO', 'NAO', 'NAO', 'NAO', 'NAO', 'NAO', 'NAO']",Escola Superior de Agricultura &quot;Luiz de Queiroz&quot;,000200000993,Thiago Libório Romanelli,Romanelli,"ROMANELLI, T. L.;Romanelli, Thiago L.;Romanelli, Thiago Libório;ROMANELLI, THIAGO;Libório Romanelli, Thiago",Piracicaba,SP,"Professor Titular do Departamento de Engenharia de Biossistemas (LEB), Esalq/USP. Atua nos temas: Fluxos de Materiais e de Energia em Sistemas de Produção, Sustentabilidade, Análises de Ciclo de Vida e Viabilidade econômica de adoção de tecnologia. É Engenheiro Agrônomo pela Universidade de São Paulo (2000), mestre em Máquinas Agrícolas pela Universidade de São Paulo (2003) e doutor em Recursos Florestais pela Universidade de São Paulo (2007), tendo sido Research Associate do Center for Environmental Policy da University of Florida (2005-2006),  Professor Doutor (2008-2013) e Livre Docente em Mecânica e Máquinas Motoras pela Universidade de São Paulo (2013) . Fulbright Scholar - Cátedra de Ciências Agrárias na University of Nebraska/Lincoln (2017). Foi Chefe e Vice-Chefe do LEB, Presidente da Comissão de Relações Internacionais, Coodenador de Curso de Graduação, Vice-Diretor do Centro de Informática &quot;Luiz de Queiroz&quot; e atualmente é Presidente da Comissão de Graduação e Presidente da Comissão de Administração, Orçamento e Patrimônio da Esalq/USP.",21-11-2023,Universidade de São Paulo,https://orcid.org/0000-0001-5407-9031,006700000002,1,NAO,1,15,sistemas monitoramento tomada decisão recomendação intervenções aplicação fertilizantes taxa variável avaliação indicadores qualidade lavouras uso sensores refletância plantas solo,IN
5401789813032087,Projeto Rondon - Operação Carajás,7,2010,2011,EXTENSAO,"['Thiago Libório Romanelli', 'Laura Alves Martirani']","['SIM', 'NAO']",Escola Superior de Agricultura &quot;Luiz de Queiroz&quot;,000200000993,Thiago Libório Romanelli,Romanelli,"ROMANELLI, T. L.;Romanelli, Thiago L.;Romanelli, Thiago Libório;ROMANELLI, THIAGO;Libório Romanelli, Thiago",Piracicaba,SP,"Professor Titular do Departamento de Engenharia de Biossistemas (LEB), Esalq/USP. Atua nos temas: Fluxos de Materiais e de Energia em Sistemas de Produção, Sustentabilidade, Análises de Ciclo de Vida e Viabilidade econômica de adoção de tecnologia. É Engenheiro Agrônomo pela Universidade de São Paulo (2000), mestre em Máquinas Agrícolas pela Universidade de São Paulo (2003) e doutor em Recursos Florestais pela Universidade de São Paulo (2007), tendo sido Research Associate do Center for Environmental Policy da University of Florida (2005-2006),  Professor Doutor (2008-2013) e Livre Docente em Mecânica e Máquinas Motoras pela Universidade de São Paulo (2013) . Fulbright Scholar - Cátedra de Ciências Agrárias na University of Nebraska/Lincoln (2017). Foi Chefe e Vice-Chefe do LEB, Presidente da Comissão de Relações Internacionais, Coodenador de Curso de Graduação, Vice-Diretor do Centro de Informática &quot;Luiz de Queiroz&quot; e atualmente é Presidente da Comissão de Graduação e Presidente da Comissão de Administração, Orçamento e Patrimônio da Esalq/USP.",21-11-2023,Universidade de São Paulo,https://orcid.org/0000-0001-5407-9031,006700000002,1,SIM,0,5,projeto rondon  operação carajás,IN
5401789813032087,Incorporação de energia na vida útil de uma colhedora autopropelida de cana-de-açúcar,11,2010,2012,PESQUISA,"['Thiago Libório Romanelli', 'Filipe Alonso Saad', 'Edemilson José Mantoam']","['SIM', 'NAO', 'NAO']",Escola Superior de Agricultura &quot;Luiz de Queiroz&quot;,000200000993,Thiago Libório Romanelli,Romanelli,"ROMANELLI, T. L.;Romanelli, Thiago L.;Romanelli, Thiago Libório;ROMANELLI, THIAGO;Libório Romanelli, Thiago",Piracicaba,SP,"Professor Titular do Departamento de Engenharia de Biossistemas (LEB), Esalq/USP. Atua nos temas: Fluxos de Materiais e de Energia em Sistemas de Produção, Sustentabilidade, Análises de Ciclo de Vida e Viabilidade econômica de adoção de tecnologia. É Engenheiro Agrônomo pela Universidade de São Paulo (2000), mestre em Máquinas Agrícolas pela Universidade de São Paulo (2003) e doutor em Recursos Florestais pela Universidade de São Paulo (2007), tendo sido Research Associate do Center for Environmental Policy da University of Florida (2005-2006),  Professor Doutor (2008-2013) e Livre Docente em Mecânica e Máquinas Motoras pela Universidade de São Paulo (2013) . Fulbright Scholar - Cátedra de Ciências Agrárias na University of Nebraska/Lincoln (2017). Foi Chefe e Vice-Chefe do LEB, Presidente da Comissão de Relações Internacionais, Coodenador de Curso de Graduação, Vice-Diretor do Centro de Informática &quot;Luiz de Queiroz&quot; e atualmente é Presidente da Comissão de Graduação e Presidente da Comissão de Administração, Orçamento e Patrimônio da Esalq/USP.",21-11-2023,Universidade de São Paulo,https://orcid.org/0000-0001-5407-9031,006700000002,1,SIM,0,6,incorporação energia vida útil colhedora autopropelida canadeaçúcar,IN
5401789813032087,Cooperação franco-brasileira da formação de engenheiros agrônomos,12,2012,2016,OUTRA,"['Thiago Libório Romanelli', 'João Gomes Martines Filho', 'Celso Omoto', 'Marcos Vinícius Folegatti', 'Stephane Brochier', 'Helaine Carrer', 'Paulo Eduardo Moruzzi Marques', 'Florence Malaise', 'Marine Pobel', 'Marie-Odile Bisch']","['SIM', 'NAO', 'NAO', 'NAO', 'NAO', 'NAO', 'NAO', 'NAO', 'NAO', 'NAO']",Escola Superior de Agricultura &quot;Luiz de Queiroz&quot;,000200000993,Thiago Libório Romanelli,Romanelli,"ROMANELLI, T. L.;Romanelli, Thiago L.;Romanelli, Thiago Libório;ROMANELLI, THIAGO;Libório Romanelli, Thiago",Piracicaba,SP,"Professor Titular do Departamento de Engenharia de Biossistemas (LEB), Esalq/USP. Atua nos temas: Fluxos de Materiais e de Energia em Sistemas de Produção, Sustentabilidade, Análises de Ciclo de Vida e Viabilidade econômica de adoção de tecnologia. É Engenheiro Agrônomo pela Universidade de São Paulo (2000), mestre em Máquinas Agrícolas pela Universidade de São Paulo (2003) e doutor em Recursos Florestais pela Universidade de São Paulo (2007), tendo sido Research Associate do Center for Environmental Policy da University of Florida (2005-2006),  Professor Doutor (2008-2013) e Livre Docente em Mecânica e Máquinas Motoras pela Universidade de São Paulo (2013) . Fulbright Scholar - Cátedra de Ciências Agrárias na University of Nebraska/Lincoln (2017). Foi Chefe e Vice-Chefe do LEB, Presidente da Comissão de Relações Internacionais, Coodenador de Curso de Graduação, Vice-Diretor do Centro de Informática &quot;Luiz de Queiroz&quot; e atualmente é Presidente da Comissão de Graduação e Presidente da Comissão de Administração, Orçamento e Patrimônio da Esalq/USP.",21-11-2023,Universidade de São Paulo,https://orcid.org/0000-0001-5407-9031,006700000002,1,SIM,0,7,cooperação francobrasileira formação engenheiros agrônomos,IN
5401789813032087,Estímulo ao Ensino de Recursos Energéticos e Ambiente para estudantes de Gestão Ambiental,13,2013,2014,OUTRA,"['Thiago Libório Romanelli', 'Gabriela Mariano Mendonça']","['SIM', 'NAO']",Escola Superior de Agricultura &quot;Luiz de Queiroz&quot;,000200000993,Thiago Libório Romanelli,Romanelli,"ROMANELLI, T. L.;Romanelli, Thiago L.;Romanelli, Thiago Libório;ROMANELLI, THIAGO;Libório Romanelli, Thiago",Piracicaba,SP,"Professor Titular do Departamento de Engenharia de Biossistemas (LEB), Esalq/USP. Atua nos temas: Fluxos de Materiais e de Energia em Sistemas de Produção, Sustentabilidade, Análises de Ciclo de Vida e Viabilidade econômica de adoção de tecnologia. É Engenheiro Agrônomo pela Universidade de São Paulo (2000), mestre em Máquinas Agrícolas pela Universidade de São Paulo (2003) e doutor em Recursos Florestais pela Universidade de São Paulo (2007), tendo sido Research Associate do Center for Environmental Policy da University of Florida (2005-2006),  Professor Doutor (2008-2013) e Livre Docente em Mecânica e Máquinas Motoras pela Universidade de São Paulo (2013) . Fulbright Scholar - Cátedra de Ciências Agrárias na University of Nebraska/Lincoln (2017). Foi Chefe e Vice-Chefe do LEB, Presidente da Comissão de Relações Internacionais, Coodenador de Curso de Graduação, Vice-Diretor do Centro de Informática &quot;Luiz de Queiroz&quot; e atualmente é Presidente da Comissão de Graduação e Presidente da Comissão de Administração, Orçamento e Patrimônio da Esalq/USP.",21-11-2023,Universidade de São Paulo,https://orcid.org/0000-0001-5407-9031,006700000002,1,SIM,0,8,estímulo ensino recursos energéticos ambiente estudantes gestão ambiental,IN
5401789813032087,Integração de indicadores e de níveis de tomada de decisão nas práticas sustentáveis na agricultura de larga escala,14,2014,2024,EXTENSAO,"['Thiago Libório Romanelli', 'Marcos Milan', 'João Gomes Martines Filho']","['SIM', 'NAO', 'NAO']",Escola Superior de Agricultura &quot;Luiz de Queiroz&quot;,000200000993,Thiago Libório Romanelli,Romanelli,"ROMANELLI, T. L.;Romanelli, Thiago L.;Romanelli, Thiago Libório;ROMANELLI, THIAGO;Libório Romanelli, Thiago",Piracicaba,SP,"Professor Titular do Departamento de Engenharia de Biossistemas (LEB), Esalq/USP. Atua nos temas: Fluxos de Materiais e de Energia em Sistemas de Produção, Sustentabilidade, Análises de Ciclo de Vida e Viabilidade econômica de adoção de tecnologia. É Engenheiro Agrônomo pela Universidade de São Paulo (2000), mestre em Máquinas Agrícolas pela Universidade de São Paulo (2003) e doutor em Recursos Florestais pela Universidade de São Paulo (2007), tendo sido Research Associate do Center for Environmental Policy da University of Florida (2005-2006),  Professor Doutor (2008-2013) e Livre Docente em Mecânica e Máquinas Motoras pela Universidade de São Paulo (2013) . Fulbright Scholar - Cátedra de Ciências Agrárias na University of Nebraska/Lincoln (2017). Foi Chefe e Vice-Chefe do LEB, Presidente da Comissão de Relações Internacionais, Coodenador de Curso de Graduação, Vice-Diretor do Centro de Informática &quot;Luiz de Queiroz&quot; e atualmente é Presidente da Comissão de Graduação e Presidente da Comissão de Administração, Orçamento e Patrimônio da Esalq/USP.",21-11-2023,Universidade de São Paulo,https://orcid.org/0000-0001-5407-9031,006700000002,1,SIM,0,9,integração indicadores níveis tomada decisão práticas sustentáveis agricultura larga escala,IN
5401789813032087,Planejamento e dimensionamento do parque de máquinas agrícolas do Campus Luiz de Queiroz - USP/Piracicaba,16,2015,2015,EXTENSAO,"['Thiago Libório Romanelli', 'William Cesar Asmegas Sobrinho']","['SIM', 'NAO']",Escola Superior de Agricultura &quot;Luiz de Queiroz&quot;,000200000993,Thiago Libório Romanelli,Romanelli,"ROMANELLI, T. L.;Romanelli, Thiago L.;Romanelli, Thiago Libório;ROMANELLI, THIAGO;Libório Romanelli, Thiago",Piracicaba,SP,"Professor Titular do Departamento de Engenharia de Biossistemas (LEB), Esalq/USP. Atua nos temas: Fluxos de Materiais e de Energia em Sistemas de Produção, Sustentabilidade, Análises de Ciclo de Vida e Viabilidade econômica de adoção de tecnologia. É Engenheiro Agrônomo pela Universidade de São Paulo (2000), mestre em Máquinas Agrícolas pela Universidade de São Paulo (2003) e doutor em Recursos Florestais pela Universidade de São Paulo (2007), tendo sido Research Associate do Center for Environmental Policy da University of Florida (2005-2006),  Professor Doutor (2008-2013) e Livre Docente em Mecânica e Máquinas Motoras pela Universidade de São Paulo (2013) . Fulbright Scholar - Cátedra de Ciências Agrárias na University of Nebraska/Lincoln (2017). Foi Chefe e Vice-Chefe do LEB, Presidente da Comissão de Relações Internacionais, Coodenador de Curso de Graduação, Vice-Diretor do Centro de Informática &quot;Luiz de Queiroz&quot; e atualmente é Presidente da Comissão de Graduação e Presidente da Comissão de Administração, Orçamento e Patrimônio da Esalq/USP.",21-11-2023,Universidade de São Paulo,https://orcid.org/0000-0001-5407-9031,006700000002,1,SIM,0,10,planejamento dimensionamento parque máquinas agrícolas campus luiz queiroz  usppiracicaba,IN
5401789813032087,Projeto Rondon - Operação Itacaiúnas,15,2015,2015,EXTENSAO,"['Thiago Libório Romanelli', 'José Otávio Machado Menten']","['SIM', 'NAO']",Escola Superior de Agricultura &quot;Luiz de Queiroz&quot;,000200000993,Thiago Libório Romanelli,Romanelli,"ROMANELLI, T. L.;Romanelli, Thiago L.;Romanelli, Thiago Libório;ROMANELLI, THIAGO;Libório Romanelli, Thiago",Piracicaba,SP,"Professor Titular do Departamento de Engenharia de Biossistemas (LEB), Esalq/USP. Atua nos temas: Fluxos de Materiais e de Energia em Sistemas de Produção, Sustentabilidade, Análises de Ciclo de Vida e Viabilidade econômica de adoção de tecnologia. É Engenheiro Agrônomo pela Universidade de São Paulo (2000), mestre em Máquinas Agrícolas pela Universidade de São Paulo (2003) e doutor em Recursos Florestais pela Universidade de São Paulo (2007), tendo sido Research Associate do Center for Environmental Policy da University of Florida (2005-2006),  Professor Doutor (2008-2013) e Livre Docente em Mecânica e Máquinas Motoras pela Universidade de São Paulo (2013) . Fulbright Scholar - Cátedra de Ciências Agrárias na University of Nebraska/Lincoln (2017). Foi Chefe e Vice-Chefe do LEB, Presidente da Comissão de Relações Internacionais, Coodenador de Curso de Graduação, Vice-Diretor do Centro de Informática &quot;Luiz de Queiroz&quot; e atualmente é Presidente da Comissão de Graduação e Presidente da Comissão de Administração, Orçamento e Patrimônio da Esalq/USP.",21-11-2023,Universidade de São Paulo,https://orcid.org/0000-0001-5407-9031,006700000002,1,SIM,0,11,projeto rondon  operação itacaiúnas,IN
5401789813032087,As tendências da mecanização agrícola e da bioenergia no Brasil,23,2015,2016,EXTENSAO,"['Thiago Libório Romanelli', 'Marcos Milan', 'Nelson Cerino Franco Junior', 'João Paulo Soto Veiga']","['SIM', 'NAO', 'NAO', 'NAO']",Escola Superior de Agricultura &quot;Luiz de Queiroz&quot;,000200000993,Thiago Libório Romanelli,Romanelli,"ROMANELLI, T. L.;Romanelli, Thiago L.;Romanelli, Thiago Libório;ROMANELLI, THIAGO;Libório Romanelli, Thiago",Piracicaba,SP,"Professor Titular do Departamento de Engenharia de Biossistemas (LEB), Esalq/USP. Atua nos temas: Fluxos de Materiais e de Energia em Sistemas de Produção, Sustentabilidade, Análises de Ciclo de Vida e Viabilidade econômica de adoção de tecnologia. É Engenheiro Agrônomo pela Universidade de São Paulo (2000), mestre em Máquinas Agrícolas pela Universidade de São Paulo (2003) e doutor em Recursos Florestais pela Universidade de São Paulo (2007), tendo sido Research Associate do Center for Environmental Policy da University of Florida (2005-2006),  Professor Doutor (2008-2013) e Livre Docente em Mecânica e Máquinas Motoras pela Universidade de São Paulo (2013) . Fulbright Scholar - Cátedra de Ciências Agrárias na University of Nebraska/Lincoln (2017). Foi Chefe e Vice-Chefe do LEB, Presidente da Comissão de Relações Internacionais, Coodenador de Curso de Graduação, Vice-Diretor do Centro de Informática &quot;Luiz de Queiroz&quot; e atualmente é Presidente da Comissão de Graduação e Presidente da Comissão de Administração, Orçamento e Patrimônio da Esalq/USP.",21-11-2023,Universidade de São Paulo,https://orcid.org/0000-0001-5407-9031,006700000002,1,SIM,0,12,tendências mecanização agrícola bioenergia brasil,IN
5401789813032087,Adequação Ambiental dos Departamentos da ESALQ,35,2015,2016,EXTENSAO,['Thiago Libório Romanelli'],['SIM'],Universidade de São Paulo,006700000002,Thiago Libório Romanelli,Romanelli,"ROMANELLI, T. L.;Romanelli, Thiago L.;Romanelli, Thiago Libório;ROMANELLI, THIAGO;Libório Romanelli, Thiago",Piracicaba,SP,"Professor Titular do Departamento de Engenharia de Biossistemas (LEB), Esalq/USP. Atua nos temas: Fluxos de Materiais e de Energia em Sistemas de Produção, Sustentabilidade, Análises de Ciclo de Vida e Viabilidade econômica de adoção de tecnologia. É Engenheiro Agrônomo pela Universidade de São Paulo (2000), mestre em Máquinas Agrícolas pela Universidade de São Paulo (2003) e doutor em Recursos Florestais pela Universidade de São Paulo (2007), tendo sido Research Associate do Center for Environmental Policy da University of Florida (2005-2006),  Professor Doutor (2008-2013) e Livre Docente em Mecânica e Máquinas Motoras pela Universidade de São Paulo (2013) . Fulbright Scholar - Cátedra de Ciências Agrárias na University of Nebraska/Lincoln (2017). Foi Chefe e Vice-Chefe do LEB, Presidente da Comissão de Relações Internacionais, Coodenador de Curso de Graduação, Vice-Diretor do Centro de Informática &quot;Luiz de Queiroz&quot; e atualmente é Presidente da Comissão de Graduação e Presidente da Comissão de Administração, Orçamento e Patrimônio da Esalq/USP.",21-11-2023,Universidade de São Paulo,https://orcid.org/0000-0001-5407-9031,006700000002,1,SIM,0,19,adequação ambiental departamentos esalq,IN
5401789813032087,INCORPORAÇÃO DE ENERGIA NO CICLO DE VIDA DE MÁQUINAS AGRÍCOLAS,31,2015,2017,PESQUISA,"['Thiago Libório Romanelli', 'Rafael Cesar Tieppo', 'Leandro Maria Gimenez']","['SIM', 'NAO', 'NAO']",Universidade de São Paulo,006700000002,Thiago Libório Romanelli,Romanelli,"ROMANELLI, T. L.;Romanelli, Thiago L.;Romanelli, Thiago Libório;ROMANELLI, THIAGO;Libório Romanelli, Thiago",Piracicaba,SP,"Professor Titular do Departamento de Engenharia de Biossistemas (LEB), Esalq/USP. Atua nos temas: Fluxos de Materiais e de Energia em Sistemas de Produção, Sustentabilidade, Análises de Ciclo de Vida e Viabilidade econômica de adoção de tecnologia. É Engenheiro Agrônomo pela Universidade de São Paulo (2000), mestre em Máquinas Agrícolas pela Universidade de São Paulo (2003) e doutor em Recursos Florestais pela Universidade de São Paulo (2007), tendo sido Research Associate do Center for Environmental Policy da University of Florida (2005-2006),  Professor Doutor (2008-2013) e Livre Docente em Mecânica e Máquinas Motoras pela Universidade de São Paulo (2013) . Fulbright Scholar - Cátedra de Ciências Agrárias na University of Nebraska/Lincoln (2017). Foi Chefe e Vice-Chefe do LEB, Presidente da Comissão de Relações Internacionais, Coodenador de Curso de Graduação, Vice-Diretor do Centro de Informática &quot;Luiz de Queiroz&quot; e atualmente é Presidente da Comissão de Graduação e Presidente da Comissão de Administração, Orçamento e Patrimônio da Esalq/USP.",21-11-2023,Universidade de São Paulo,https://orcid.org/0000-0001-5407-9031,006700000002,1,SIM,0,26,incorporação energia ciclo vida máquinas agrícolas,IN
5401789813032087,Planejamento e ações para a melhoria da eficiência energética no Campus Luiz de Queiroz,33,2016,2024,PESQUISA,"['Thiago Libório Romanelli', 'Ana Maria de Meira']","['SIM', 'NAO']",Universidade de São Paulo,006700000002,Thiago Libório Romanelli,Romanelli,"ROMANELLI, T. L.;Romanelli, Thiago L.;Romanelli, Thiago Libório;ROMANELLI, THIAGO;Libório Romanelli, Thiago",Piracicaba,SP,"Professor Titular do Departamento de Engenharia de Biossistemas (LEB), Esalq/USP. Atua nos temas: Fluxos de Materiais e de Energia em Sistemas de Produção, Sustentabilidade, Análises de Ciclo de Vida e Viabilidade econômica de adoção de tecnologia. É Engenheiro Agrônomo pela Universidade de São Paulo (2000), mestre em Máquinas Agrícolas pela Universidade de São Paulo (2003) e doutor em Recursos Florestais pela Universidade de São Paulo (2007), tendo sido Research Associate do Center for Environmental Policy da University of Florida (2005-2006),  Professor Doutor (2008-2013) e Livre Docente em Mecânica e Máquinas Motoras pela Universidade de São Paulo (2013) . Fulbright Scholar - Cátedra de Ciências Agrárias na University of Nebraska/Lincoln (2017). Foi Chefe e Vice-Chefe do LEB, Presidente da Comissão de Relações Internacionais, Coodenador de Curso de Graduação, Vice-Diretor do Centro de Informática &quot;Luiz de Queiroz&quot; e atualmente é Presidente da Comissão de Graduação e Presidente da Comissão de Administração, Orçamento e Patrimônio da Esalq/USP.",21-11-2023,Universidade de São Paulo,https://orcid.org/0000-0001-5407-9031,006700000002,1,SIM,0,18,planejamento ações melhoria eficiência energética campus luiz queiroz,IN
5401789813032087,Adequação da Biblioteca Central (DiBD) do Campus Luiz de Queiroz seguindo as diretrizes do Prêmio Paulista de Qualidade da Gestão (PPQG),36,2016,2017,EXTENSAO,"['Thiago Libório Romanelli', 'Nara Perobelli de Moraes']","['SIM', 'NAO']",Universidade de São Paulo,006700000002,Thiago Libório Romanelli,Romanelli,"ROMANELLI, T. L.;Romanelli, Thiago L.;Romanelli, Thiago Libório;ROMANELLI, THIAGO;Libório Romanelli, Thiago",Piracicaba,SP,"Professor Titular do Departamento de Engenharia de Biossistemas (LEB), Esalq/USP. Atua nos temas: Fluxos de Materiais e de Energia em Sistemas de Produção, Sustentabilidade, Análises de Ciclo de Vida e Viabilidade econômica de adoção de tecnologia. É Engenheiro Agrônomo pela Universidade de São Paulo (2000), mestre em Máquinas Agrícolas pela Universidade de São Paulo (2003) e doutor em Recursos Florestais pela Universidade de São Paulo (2007), tendo sido Research Associate do Center for Environmental Policy da University of Florida (2005-2006),  Professor Doutor (2008-2013) e Livre Docente em Mecânica e Máquinas Motoras pela Universidade de São Paulo (2013) . Fulbright Scholar - Cátedra de Ciências Agrárias na University of Nebraska/Lincoln (2017). Foi Chefe e Vice-Chefe do LEB, Presidente da Comissão de Relações Internacionais, Coodenador de Curso de Graduação, Vice-Diretor do Centro de Informática &quot;Luiz de Queiroz&quot; e atualmente é Presidente da Comissão de Graduação e Presidente da Comissão de Administração, Orçamento e Patrimônio da Esalq/USP.",21-11-2023,Universidade de São Paulo,https://orcid.org/0000-0001-5407-9031,006700000002,1,SIM,0,20,adequação biblioteca central dibd campus luiz queiroz seguindo diretrizes prêmio paulista qualidade gestão ppqg,IN
5401789813032087,Indicadores de sustentabilidade e do sistema de monitoramento do Plano Diretor Socioambiental do campus Luiz de Queiroz,37,2016,2017,EXTENSAO,"['Thiago Libório Romanelli', 'Marcos Paulo Marcuz Venier', 'Matheus Rosa Taxa']","['SIM', 'NAO', 'NAO']",Universidade de São Paulo,006700000002,Thiago Libório Romanelli,Romanelli,"ROMANELLI, T. L.;Romanelli, Thiago L.;Romanelli, Thiago Libório;ROMANELLI, THIAGO;Libório Romanelli, Thiago",Piracicaba,SP,"Professor Titular do Departamento de Engenharia de Biossistemas (LEB), Esalq/USP. Atua nos temas: Fluxos de Materiais e de Energia em Sistemas de Produção, Sustentabilidade, Análises de Ciclo de Vida e Viabilidade econômica de adoção de tecnologia. É Engenheiro Agrônomo pela Universidade de São Paulo (2000), mestre em Máquinas Agrícolas pela Universidade de São Paulo (2003) e doutor em Recursos Florestais pela Universidade de São Paulo (2007), tendo sido Research Associate do Center for Environmental Policy da University of Florida (2005-2006),  Professor Doutor (2008-2013) e Livre Docente em Mecânica e Máquinas Motoras pela Universidade de São Paulo (2013) . Fulbright Scholar - Cátedra de Ciências Agrárias na University of Nebraska/Lincoln (2017). Foi Chefe e Vice-Chefe do LEB, Presidente da Comissão de Relações Internacionais, Coodenador de Curso de Graduação, Vice-Diretor do Centro de Informática &quot;Luiz de Queiroz&quot; e atualmente é Presidente da Comissão de Graduação e Presidente da Comissão de Administração, Orçamento e Patrimônio da Esalq/USP.",21-11-2023,Universidade de São Paulo,https://orcid.org/0000-0001-5407-9031,006700000002,1,SIM,0,21,indicadores sustentabilidade sistema monitoramento plano diretor socioambiental campus luiz queiroz,IN
5401789813032087,"Projeto de Implementação de um Sistema de Gestão Ambiental em Moradias dos Estudantes da ESALQ - USP, em Piracicaba.",24,2017,2018,EXTENSAO,"['Thiago Libório Romanelli', 'Allan Patrick C. Carmo', 'Rafaela Duarte Pagliarini']","['SIM', 'NAO', 'NAO']",Campus USP ?Luiz de Queiroz?,003500000993,Thiago Libório Romanelli,Romanelli,"ROMANELLI, T. L.;Romanelli, Thiago L.;Romanelli, Thiago Libório;ROMANELLI, THIAGO;Libório Romanelli, Thiago",Piracicaba,SP,"Professor Titular do Departamento de Engenharia de Biossistemas (LEB), Esalq/USP. Atua nos temas: Fluxos de Materiais e de Energia em Sistemas de Produção, Sustentabilidade, Análises de Ciclo de Vida e Viabilidade econômica de adoção de tecnologia. É Engenheiro Agrônomo pela Universidade de São Paulo (2000), mestre em Máquinas Agrícolas pela Universidade de São Paulo (2003) e doutor em Recursos Florestais pela Universidade de São Paulo (2007), tendo sido Research Associate do Center for Environmental Policy da University of Florida (2005-2006),  Professor Doutor (2008-2013) e Livre Docente em Mecânica e Máquinas Motoras pela Universidade de São Paulo (2013) . Fulbright Scholar - Cátedra de Ciências Agrárias na University of Nebraska/Lincoln (2017). Foi Chefe e Vice-Chefe do LEB, Presidente da Comissão de Relações Internacionais, Coodenador de Curso de Graduação, Vice-Diretor do Centro de Informática &quot;Luiz de Queiroz&quot; e atualmente é Presidente da Comissão de Graduação e Presidente da Comissão de Administração, Orçamento e Patrimônio da Esalq/USP.",21-11-2023,Universidade de São Paulo,https://orcid.org/0000-0001-5407-9031,006700000002,1,SIM,0,16,projeto implementação sistema gestão ambiental moradias estudantes esalq  usp piracicaba,IN
5401789813032087,Revisão dos indicadores de sustentabilidade do Plano Diretor Socioambiental do campus Luiz de Queiroz segundo as Políticas Ambientais da USP.,38,2017,2018,EXTENSAO,['Thiago Libório Romanelli'],['SIM'],Universidade de São Paulo,006700000002,Thiago Libório Romanelli,Romanelli,"ROMANELLI, T. L.;Romanelli, Thiago L.;Romanelli, Thiago Libório;ROMANELLI, THIAGO;Libório Romanelli, Thiago",Piracicaba,SP,"Professor Titular do Departamento de Engenharia de Biossistemas (LEB), Esalq/USP. Atua nos temas: Fluxos de Materiais e de Energia em Sistemas de Produção, Sustentabilidade, Análises de Ciclo de Vida e Viabilidade econômica de adoção de tecnologia. É Engenheiro Agrônomo pela Universidade de São Paulo (2000), mestre em Máquinas Agrícolas pela Universidade de São Paulo (2003) e doutor em Recursos Florestais pela Universidade de São Paulo (2007), tendo sido Research Associate do Center for Environmental Policy da University of Florida (2005-2006),  Professor Doutor (2008-2013) e Livre Docente em Mecânica e Máquinas Motoras pela Universidade de São Paulo (2013) . Fulbright Scholar - Cátedra de Ciências Agrárias na University of Nebraska/Lincoln (2017). Foi Chefe e Vice-Chefe do LEB, Presidente da Comissão de Relações Internacionais, Coodenador de Curso de Graduação, Vice-Diretor do Centro de Informática &quot;Luiz de Queiroz&quot; e atualmente é Presidente da Comissão de Graduação e Presidente da Comissão de Administração, Orçamento e Patrimônio da Esalq/USP.",21-11-2023,Universidade de São Paulo,https://orcid.org/0000-0001-5407-9031,006700000002,1,SIM,0,22,revisão indicadores sustentabilidade plano diretor socioambiental campus luiz queiroz segundo políticas ambientais usp,IN
5401789813032087,Articulação e Apoio para a Implementação do Plano Diretor Socioambiental Participativo do Campus Luiz de Queiroz,34,2018,2024,EXTENSAO,"['Thiago Libório Romanelli', 'Ana Maria de Meira']","['SIM', 'NAO']",Escola Superior de Agricultura &quot;Luiz de Queiroz&quot;,000200000993,Thiago Libório Romanelli,Romanelli,"ROMANELLI, T. L.;Romanelli, Thiago L.;Romanelli, Thiago Libório;ROMANELLI, THIAGO;Libório Romanelli, Thiago",Piracicaba,SP,"Professor Titular do Departamento de Engenharia de Biossistemas (LEB), Esalq/USP. Atua nos temas: Fluxos de Materiais e de Energia em Sistemas de Produção, Sustentabilidade, Análises de Ciclo de Vida e Viabilidade econômica de adoção de tecnologia. É Engenheiro Agrônomo pela Universidade de São Paulo (2000), mestre em Máquinas Agrícolas pela Universidade de São Paulo (2003) e doutor em Recursos Florestais pela Universidade de São Paulo (2007), tendo sido Research Associate do Center for Environmental Policy da University of Florida (2005-2006),  Professor Doutor (2008-2013) e Livre Docente em Mecânica e Máquinas Motoras pela Universidade de São Paulo (2013) . Fulbright Scholar - Cátedra de Ciências Agrárias na University of Nebraska/Lincoln (2017). Foi Chefe e Vice-Chefe do LEB, Presidente da Comissão de Relações Internacionais, Coodenador de Curso de Graduação, Vice-Diretor do Centro de Informática &quot;Luiz de Queiroz&quot; e atualmente é Presidente da Comissão de Graduação e Presidente da Comissão de Administração, Orçamento e Patrimônio da Esalq/USP.",21-11-2023,Universidade de São Paulo,https://orcid.org/0000-0001-5407-9031,006700000002,1,SIM,0,14,articulação apoio implementação plano diretor socioambiental participativo campus luiz queiroz,IN
5401789813032087,Impact Evaluation: Sustainability of Swiss Soy Imports,30,2019,2020,PESQUISA,"['Thiago Libório Romanelli', 'Graciele Angnes', 'Jan Grenz']","['SIM', 'NAO', 'NAO']",Escola Superior de Agricultura &quot;Luiz de Queiroz&quot;,000200000993,Thiago Libório Romanelli,Romanelli,"ROMANELLI, T. L.;Romanelli, Thiago L.;Romanelli, Thiago Libório;ROMANELLI, THIAGO;Libório Romanelli, Thiago",Piracicaba,SP,"Professor Titular do Departamento de Engenharia de Biossistemas (LEB), Esalq/USP. Atua nos temas: Fluxos de Materiais e de Energia em Sistemas de Produção, Sustentabilidade, Análises de Ciclo de Vida e Viabilidade econômica de adoção de tecnologia. É Engenheiro Agrônomo pela Universidade de São Paulo (2000), mestre em Máquinas Agrícolas pela Universidade de São Paulo (2003) e doutor em Recursos Florestais pela Universidade de São Paulo (2007), tendo sido Research Associate do Center for Environmental Policy da University of Florida (2005-2006),  Professor Doutor (2008-2013) e Livre Docente em Mecânica e Máquinas Motoras pela Universidade de São Paulo (2013) . Fulbright Scholar - Cátedra de Ciências Agrárias na University of Nebraska/Lincoln (2017). Foi Chefe e Vice-Chefe do LEB, Presidente da Comissão de Relações Internacionais, Coodenador de Curso de Graduação, Vice-Diretor do Centro de Informática &quot;Luiz de Queiroz&quot; e atualmente é Presidente da Comissão de Graduação e Presidente da Comissão de Administração, Orçamento e Patrimônio da Esalq/USP.",21-11-2023,Universidade de São Paulo,https://orcid.org/0000-0001-5407-9031,006700000002,1,SIM,0,13,impact evaluation sustainability of swiss soy imports,IN
5401789813032087,PROJETO ESCOLAS PÚBLICAS NA ESALQ,39,2019,2020,EXTENSAO,['Thiago Libório Romanelli'],['SIM'],Universidade de São Paulo,006700000002,Thiago Libório Romanelli,Romanelli,"ROMANELLI, T. L.;Romanelli, Thiago L.;Romanelli, Thiago Libório;ROMANELLI, THIAGO;Libório Romanelli, Thiago",Piracicaba,SP,"Professor Titular do Departamento de Engenharia de Biossistemas (LEB), Esalq/USP. Atua nos temas: Fluxos de Materiais e de Energia em Sistemas de Produção, Sustentabilidade, Análises de Ciclo de Vida e Viabilidade econômica de adoção de tecnologia. É Engenheiro Agrônomo pela Universidade de São Paulo (2000), mestre em Máquinas Agrícolas pela Universidade de São Paulo (2003) e doutor em Recursos Florestais pela Universidade de São Paulo (2007), tendo sido Research Associate do Center for Environmental Policy da University of Florida (2005-2006),  Professor Doutor (2008-2013) e Livre Docente em Mecânica e Máquinas Motoras pela Universidade de São Paulo (2013) . Fulbright Scholar - Cátedra de Ciências Agrárias na University of Nebraska/Lincoln (2017). Foi Chefe e Vice-Chefe do LEB, Presidente da Comissão de Relações Internacionais, Coodenador de Curso de Graduação, Vice-Diretor do Centro de Informática &quot;Luiz de Queiroz&quot; e atualmente é Presidente da Comissão de Graduação e Presidente da Comissão de Administração, Orçamento e Patrimônio da Esalq/USP.",21-11-2023,Universidade de São Paulo,https://orcid.org/0000-0001-5407-9031,006700000002,1,SIM,0,23,projeto escolas públicas esalq,IN
5401789813032087,OBTENÇÃO DE NOVOS INGREDIENTES ATIVOS A PARTIR DE RESÍDUOS DE ÓLEO DE ABACATE,32,2022,2024,PESQUISA,"['Thiago Libório Romanelli', 'Thais Maria Ferreira de Souza Vieira', 'Juliana Maria Leite Nobrega de Moura Bell', 'LUIS FELIPE DE FREITAS FABRICIO']","['NAO', 'SIM', 'NAO', 'NAO']",Universidade de São Paulo,006700000002,Thiago Libório Romanelli,Romanelli,"ROMANELLI, T. L.;Romanelli, Thiago L.;Romanelli, Thiago Libório;ROMANELLI, THIAGO;Libório Romanelli, Thiago",Piracicaba,SP,"Professor Titular do Departamento de Engenharia de Biossistemas (LEB), Esalq/USP. Atua nos temas: Fluxos de Materiais e de Energia em Sistemas de Produção, Sustentabilidade, Análises de Ciclo de Vida e Viabilidade econômica de adoção de tecnologia. É Engenheiro Agrônomo pela Universidade de São Paulo (2000), mestre em Máquinas Agrícolas pela Universidade de São Paulo (2003) e doutor em Recursos Florestais pela Universidade de São Paulo (2007), tendo sido Research Associate do Center for Environmental Policy da University of Florida (2005-2006),  Professor Doutor (2008-2013) e Livre Docente em Mecânica e Máquinas Motoras pela Universidade de São Paulo (2013) . Fulbright Scholar - Cátedra de Ciências Agrárias na University of Nebraska/Lincoln (2017). Foi Chefe e Vice-Chefe do LEB, Presidente da Comissão de Relações Internacionais, Coodenador de Curso de Graduação, Vice-Diretor do Centro de Informática &quot;Luiz de Queiroz&quot; e atualmente é Presidente da Comissão de Graduação e Presidente da Comissão de Administração, Orçamento e Patrimônio da Esalq/USP.",21-11-2023,Universidade de São Paulo,https://orcid.org/0000-0001-5407-9031,006700000002,1,NAO,1,17,obtenção novos ingredientes ativos partir resíduos óleo abacate,IN
5401789813032087,Smart Farming e Produção Agroalimentar Sustentável,40,2023,2024,PESQUISA,"['Thiago Libório Romanelli', 'Helaine Carrer', 'Carissa Michelle Goltara Bichara', 'Cristian Faturi', 'Edilberto Nunes de Moura', 'Renata Ernlund Freitas de Macedo', 'Cristina Santos Sotomaior']","['SIM', 'NAO', 'NAO', 'NAO', 'NAO', 'NAO', 'NAO']",Universidade de São Paulo,006700000002,Thiago Libório Romanelli,Romanelli,"ROMANELLI, T. L.;Romanelli, Thiago L.;Romanelli, Thiago Libório;ROMANELLI, THIAGO;Libório Romanelli, Thiago",Piracicaba,SP,"Professor Titular do Departamento de Engenharia de Biossistemas (LEB), Esalq/USP. Atua nos temas: Fluxos de Materiais e de Energia em Sistemas de Produção, Sustentabilidade, Análises de Ciclo de Vida e Viabilidade econômica de adoção de tecnologia. É Engenheiro Agrônomo pela Universidade de São Paulo (2000), mestre em Máquinas Agrícolas pela Universidade de São Paulo (2003) e doutor em Recursos Florestais pela Universidade de São Paulo (2007), tendo sido Research Associate do Center for Environmental Policy da University of Florida (2005-2006),  Professor Doutor (2008-2013) e Livre Docente em Mecânica e Máquinas Motoras pela Universidade de São Paulo (2013) . Fulbright Scholar - Cátedra de Ciências Agrárias na University of Nebraska/Lincoln (2017). Foi Chefe e Vice-Chefe do LEB, Presidente da Comissão de Relações Internacionais, Coodenador de Curso de Graduação, Vice-Diretor do Centro de Informática &quot;Luiz de Queiroz&quot; e atualmente é Presidente da Comissão de Graduação e Presidente da Comissão de Administração, Orçamento e Patrimônio da Esalq/USP.",21-11-2023,Universidade de São Paulo,https://orcid.org/0000-0001-5407-9031,006700000002,1,SIM,0,24,smart farming produção agroalimentar sustentável,IN
5401789813032087,Viabilidade econômica da produção de biogás em substituição ao óleo diesel no setor sucroenergético,41,2023,2024,PESQUISA,"['Thiago Libório Romanelli', 'Flávio Eduardo Fava']","['SIM', 'NAO']",Universidade de São Paulo,006700000002,Thiago Libório Romanelli,Romanelli,"ROMANELLI, T. L.;Romanelli, Thiago L.;Romanelli, Thiago Libório;ROMANELLI, THIAGO;Libório Romanelli, Thiago",Piracicaba,SP,"Professor Titular do Departamento de Engenharia de Biossistemas (LEB), Esalq/USP. Atua nos temas: Fluxos de Materiais e de Energia em Sistemas de Produção, Sustentabilidade, Análises de Ciclo de Vida e Viabilidade econômica de adoção de tecnologia. É Engenheiro Agrônomo pela Universidade de São Paulo (2000), mestre em Máquinas Agrícolas pela Universidade de São Paulo (2003) e doutor em Recursos Florestais pela Universidade de São Paulo (2007), tendo sido Research Associate do Center for Environmental Policy da University of Florida (2005-2006),  Professor Doutor (2008-2013) e Livre Docente em Mecânica e Máquinas Motoras pela Universidade de São Paulo (2013) . Fulbright Scholar - Cátedra de Ciências Agrárias na University of Nebraska/Lincoln (2017). Foi Chefe e Vice-Chefe do LEB, Presidente da Comissão de Relações Internacionais, Coodenador de Curso de Graduação, Vice-Diretor do Centro de Informática &quot;Luiz de Queiroz&quot; e atualmente é Presidente da Comissão de Graduação e Presidente da Comissão de Administração, Orçamento e Patrimônio da Esalq/USP.",21-11-2023,Universidade de São Paulo,https://orcid.org/0000-0001-5407-9031,006700000002,1,SIM,0,25,viabilidade econômica produção biogás substituição óleo diesel setor sucroenergético,IN
